,09:30,09:31,09:32,09:33,09:34,09:35,09:36,09:37,09:38,09:39,09:40,09:41,09:42,09:43,09:44,09:45,09:46,09:47,09:48,09:49,09:50,09:51,09:52,09:53,09:54,09:55,09:56,09:57,09:58,09:59,10:00,10:01,10:02,10:03,10:04,10:05,10:06,10:07,10:08,10:09,10:10,10:11,10:12,10:13,10:14,10:15,10:16,10:17,10:18,10:19,10:20,10:21,10:22,10:23,10:24,10:25,10:26,10:27,10:28,10:29,10:30,10:31,10:32,10:33,10:34,10:35,10:36,10:37,10:38,10:39,10:40,10:41,10:42,10:43,10:44,10:45,10:46,10:47,10:48,10:49,10:50,10:51,10:52,10:53,10:54,10:55,10:56,10:57,10:58,10:59,11:00,11:01,11:02,11:03,11:04,11:05,11:06,11:07,11:08,11:09,11:10,11:11,11:12,11:13,11:14,11:15,11:16,11:17,11:18,11:19,11:20,11:21,11:22,11:23,11:24,11:25,11:26,11:27,11:28,11:29,11:30,11:31,11:32,11:33,11:34,11:35,11:36,11:37,11:38,11:39,11:40,11:41,11:42,11:43,11:44,11:45,11:46,11:47,11:48,11:49,11:50,11:51,11:52,11:53,11:54,11:55,11:56,11:57,11:58,11:59,12:00,12:01,12:02,12:03,12:04,12:05,12:06,12:07,12:08,12:09,12:10,12:11,12:12,12:13,12:14,12:15,12:16,12:17,12:18,12:19,12:20,12:21,12:22,12:23,12:24,12:25,12:26,12:27,12:28,12:29,12:30,12:31,12:32,12:33,12:34,12:35,12:36,12:37,12:38,12:39,12:40,12:41,12:42,12:43,12:44,12:45,12:46,12:47,12:48,12:49,12:50,12:51,12:52,12:53,12:54,12:55,12:56,12:57,12:58,12:59,13:00,13:01,13:02,13:03,13:04,13:05,13:06,13:07,13:08,13:09,13:10,13:11,13:12,13:13,13:14,13:15,13:16,13:17,13:18,13:19,13:20,13:21,13:22,13:23,13:24,13:25,13:26,13:27,13:28,13:29,13:30,13:31,13:32,13:33,13:34,13:35,13:36,13:37,13:38,13:39,13:40,13:41,13:42,13:43,13:44,13:45,13:46,13:47,13:48,13:49,13:50,13:51,13:52,13:53,13:54,13:55,13:56,13:57,13:58,13:59,14:00,14:01,14:02,14:03,14:04,14:05,14:06,14:07,14:08,14:09,14:10,14:11,14:12,14:13,14:14,14:15,14:16,14:17,14:18,14:19,14:20,14:21,14:22,14:23,14:24,14:25,14:26,14:27,14:28,14:29,14:30,14:31,14:32,14:33,14:34,14:35,14:36,14:37,14:38,14:39,14:40,14:41,14:42,14:43,14:44,14:45,14:46,14:47,14:48,14:49,14:50,14:51,14:52,14:53,14:54,14:55,14:56,14:57,14:58,14:59,15:00,15:01,15:02,15:03,15:04,15:05,15:06,15:07,15:08,15:09,15:10,15:11,15:12,15:13,15:14,15:15,15:16,15:17,15:18,15:19,15:20,15:21,15:22,15:23,15:24,15:25,15:26,15:27,15:28,15:29,15:30,15:31,15:32,15:33,15:34,15:35,15:36,15:37,15:38,15:39,15:40,15:41,15:42,15:43,15:44,15:45,15:46,15:47,15:48,15:49,15:50,15:51,15:52,15:53,15:54,15:55,15:56,15:57,15:58,15:59
2019-04-01,-1.0,56.185,-1.0,56.0,-1.0,-1.0,-1.0,-1.0,-1.0,-1.0,-1.0,-1.0,-1.0,-1.0,-1.0,-1.0,-1.0,-1.0,-1.0,-1.0,-1.0,-1.0,-1.0,56.86,-1.0,-1.0,-1.0,-1.0,-1.0,-1.0,-1.0,-1.0,-1.0,-1.0,-1.0,-1.0,-1.0,-1.0,57.22,-1.0,-1.0,56.95,-1.0,-1.0,-1.0,56.995,-1.0,57.015,-1.0,-1.0,-1.0,57.165,57.149,57.055,57.175,-1.0,57.1,57.09,57.05,57.11,-1.0,-1.0,-1.0,-1.0,-1.0,57.03,-1.0,-1.0,-1.0,-1.0,-1.0,-1.0,-1.0,57.22,-1.0,-1.0,-1.0,-1.0,-1.0,-1.0,-1.0,-1.0,57.305,-1.0,-1.0,-1.0,-1.0,-1.0,-1.0,-1.0,-1.0,-1.0,-1.0,-1.0,-1.0,-1.0,-1.0,57.28,57.295,-1.0,-1.0,-1.0,-1.0,-1.0,-1.0,57.18,-1.0,-1.0,57.255,-1.0,57.135,-1.0,-1.0,-1.0,-1.0,57.1,-1.0,-1.0,57.06,-1.0,-1.0,57.05,-1.0,-1.0,56.898,-1.0,56.91,-1.0,-1.0,-1.0,-1.0,-1.0,-1.0,56.8,-1.0,-1.0,-1.0,-1.0,-1.0,-1.0,56.82,-1.0,-1.0,-1.0,-1.0,-1.0,-1.0,56.89,-1.0,-1.0,-1.0,56.88,-1.0,-1.0,-1.0,-1.0,56.875,-1.0,-1.0,-1.0,-1.0,56.915,-1.0,56.885,-1.0,-1.0,-1.0,-1.0,-1.0,-1.0,-1.0,-1.0,57.19,-1.0,-1.0,57.225,57.195,-1.0,-1.0,57.23,57.248,57.27,57.32,-1.0,-1.0,-1.0,57.42,-1.0,-1.0,57.535,-1.0,57.525,-1.0,57.51,-1.0,-1.0,-1.0,57.625,57.688,57.69,57.61,-1.0,-1.0,-1.0,-1.0,57.67,-1.0,-1.0,-1.0,57.72,-1.0,-1.0,57.71,-1.0,57.75,-1.0,-1.0,-1.0,57.615,57.645,-1.0,-1.0,-1.0,-1.0,-1.0,-1.0,-1.0,-1.0,-1.0,-1.0,57.43,-1.0,-1.0,-1.0,-1.0,-1.0,-1.0,-1.0,-1.0,-1.0,-1.0,-1.0,57.62,57.62,-1.0,-1.0,-1.0,-1.0,-1.0,-1.0,57.57,-1.0,-1.0,57.5,57.52,-1.0,-1.0,-1.0,57.56,-1.0,57.574,-1.0,57.612,-1.0,-1.0,-1.0,-1.0,-1.0,-1.0,-1.0,57.65,-1.0,57.63,-1.0,57.575,57.56,-1.0,-1.0,57.625,-1.0,-1.0,-1.0,57.62,-1.0,-1.0,-1.0,57.61,-1.0,-1.0,-1.0,57.7,57.685,-1.0,57.65,57.64,-1.0,-1.0,-1.0,-1.0,-1.0,-1.0,-1.0,57.51,-1.0,-1.0,-1.0,57.57,57.57,57.555,-1.0,-1.0,57.54,-1.0,-1.0,57.5,57.452,-1.0,57.38,57.425,57.43,57.435,57.418,57.354,-1.0,-1.0,57.39,-1.0,57.39,57.46,-1.0,-1.0,-1.0,-1.0,-1.0,-1.0,57.496,-1.0,-1.0,57.49,-1.0,-1.0,57.45,57.465,57.47,-1.0,-1.0,57.515,57.525,-1.0,57.54,57.55,57.545,-1.0,-1.0,-1.0,-1.0,-1.0,57.642,-1.0,-1.0,-1.0,-1.0,-1.0,57.595,-1.0,57.585,-1.0,-1.0,-1.0,57.52,-1.0,57.555,57.58,-1.0,57.65,-1.0,57.62,57.587,-1.0,-1.0,57.577,57.58,57.505,57.466,57.447,57.5,57.508,57.523,57.536,57.518
2019-04-02,-1.0,-1.0,-1.0,57.63,-1.0,57.4,57.421,-1.0,-1.0,-1.0,-1.0,-1.0,-1.0,-1.0,57.355,57.485,-1.0,57.21,-1.0,-1.0,-1.0,57.3,57.318,57.41,-1.0,-1.0,-1.0,-1.0,-1.0,57.655,57.76,57.7,-1.0,57.625,57.634,-1.0,57.77,-1.0,57.84,57.75,-1.0,-1.0,-1.0,-1.0,-1.0,57.68,-1.0,-1.0,-1.0,-1.0,-1.0,-1.0,57.66,-1.0,-1.0,57.618,-1.0,-1.0,-1.0,-1.0,57.41,57.415,-1.0,-1.0,-1.0,-1.0,-1.0,-1.0,57.47,-1.0,-1.0,-1.0,-1.0,57.44,57.46,-1.0,-1.0,-1.0,57.398,-1.0,-1.0,-1.0,57.31,57.31,57.27,-1.0,57.105,-1.0,-1.0,56.96,56.884,-1.0,-1.0,-1.0,-1.0,-1.0,56.93,-1.0,-1.0,-1.0,-1.0,-1.0,-1.0,-1.0,-1.0,-1.0,-1.0,-1.0,-1.0,57.045,57.105,-1.0,57.23,57.23,57.197,57.175,-1.0,57.133,57.08,-1.0,-1.0,-1.0,57.19,-1.0,57.24,-1.0,57.16,57.15,57.15,-1.0,-1.0,-1.0,57.2,-1.0,-1.0,-1.0,-1.0,-1.0,57.32,57.29,57.34,-1.0,57.37,-1.0,-1.0,-1.0,-1.0,57.34,-1.0,-1.0,-1.0,-1.0,-1.0,57.299,-1.0,-1.0,57.37,-1.0,-1.0,-1.0,-1.0,-1.0,-1.0,-1.0,-1.0,-1.0,-1.0,-1.0,-1.0,-1.0,-1.0,-1.0,57.195,57.18,57.14,-1.0,-1.0,57.07,-1.0,-1.0,56.97,-1.0,56.955,-1.0,-1.0,-1.0,-1.0,-1.0,-1.0,-1.0,-1.0,-1.0,-1.0,-1.0,-1.0,-1.0,-1.0,-1.0,-1.0,-1.0,-1.0,-1.0,-1.0,-1.0,-1.0,57.05,-1.0,-1.0,-1.0,-1.0,-1.0,57.05,-1.0,-1.0,-1.0,-1.0,-1.0,-1.0,-1.0,-1.0,-1.0,-1.0,-1.0,-1.0,-1.0,-1.0,-1.0,57.155,-1.0,-1.0,57.14,-1.0,-1.0,-1.0,-1.0,-1.0,57.08,-1.0,-1.0,-1.0,-1.0,-1.0,-1.0,-1.0,-1.0,-1.0,-1.0,57.12,57.12,57.07,-1.0,-1.0,-1.0,-1.0,-1.0,-1.0,-1.0,-1.0,-1.0,56.9,-1.0,-1.0,-1.0,-1.0,56.87,56.905,-1.0,-1.0,-1.0,-1.0,-1.0,-1.0,-1.0,-1.0,-1.0,-1.0,56.85,-1.0,-1.0,-1.0,-1.0,-1.0,-1.0,-1.0,-1.0,-1.0,56.81,-1.0,-1.0,-1.0,56.84,-1.0,-1.0,56.78,-1.0,-1.0,56.8,-1.0,-1.0,-1.0,-1.0,-1.0,-1.0,-1.0,-1.0,-1.0,-1.0,-1.0,-1.0,-1.0,56.985,-1.0,56.99,-1.0,-1.0,-1.0,-1.0,-1.0,-1.0,-1.0,-1.0,-1.0,56.97,-1.0,56.99,-1.0,-1.0,56.95,-1.0,-1.0,-1.0,57.04,-1.0,-1.0,-1.0,-1.0,-1.0,-1.0,-1.0,-1.0,-1.0,-1.0,57.06,-1.0,-1.0,-1.0,-1.0,-1.0,-1.0,-1.0,-1.0,57.015,56.998,-1.0,-1.0,57.02,-1.0,-1.0,-1.0,-1.0,-1.0,57.04,-1.0,-1.0,-1.0,57.076,57.07,-1.0,57.1,57.11,57.1,-1.0,57.08,57.09,57.085,-1.0,-1.0,57.019,-1.0,57.01,57.015,57.005,57.01,57.008,57.025,57.015,57.005,57.014,57.016,56.993
2019-04-03,-1.0,-1.0,57.137,-1.0,57.065,57.095,57.335,-1.0,57.37,-1.0,-1.0,-1.0,-1.0,-1.0,-1.0,57.585,-1.0,-1.0,-1.0,-1.0,57.43,57.24,57.347,57.31,-1.0,57.35,57.337,-1.0,-1.0,57.23,-1.0,-1.0,-1.0,-1.0,-1.0,-1.0,57.035,-1.0,57.05,57.125,-1.0,-1.0,-1.0,57.18,-1.0,57.245,-1.0,-1.0,-1.0,-1.0,57.32,-1.0,-1.0,57.33,57.295,-1.0,57.295,-1.0,-1.0,57.2,57.06,57.06,-1.0,57.066,-1.0,-1.0,-1.0,57.065,57.14,-1.0,57.19,57.233,-1.0,-1.0,-1.0,-1.0,57.155,-1.0,57.1,-1.0,57.12,-1.0,57.21,57.27,57.17,-1.0,-1.0,-1.0,57.115,-1.0,-1.0,57.09,57.1,-1.0,-1.0,-1.0,-1.0,-1.0,-1.0,57.048,-1.0,-1.0,56.91,-1.0,-1.0,56.83,-1.0,56.74,-1.0,-1.0,56.675,-1.0,56.59,56.585,-1.0,-1.0,-1.0,56.46,-1.0,-1.0,-1.0,-1.0,-1.0,-1.0,-1.0,56.57,-1.0,-1.0,-1.0,56.505,-1.0,-1.0,-1.0,-1.0,-1.0,-1.0,-1.0,56.48,-1.0,56.48,56.53,56.58,-1.0,-1.0,-1.0,-1.0,-1.0,56.55,-1.0,-1.0,-1.0,-1.0,-1.0,-1.0,-1.0,-1.0,-1.0,-1.0,-1.0,-1.0,-1.0,-1.0,56.57,56.54,-1.0,-1.0,-1.0,-1.0,56.58,56.57,-1.0,-1.0,-1.0,-1.0,-1.0,-1.0,56.535,-1.0,-1.0,-1.0,-1.0,-1.0,-1.0,-1.0,-1.0,56.435,-1.0,56.39,-1.0,-1.0,-1.0,-1.0,-1.0,-1.0,-1.0,56.35,-1.0,-1.0,-1.0,-1.0,-1.0,-1.0,56.29,-1.0,-1.0,-1.0,-1.0,-1.0,56.22,-1.0,-1.0,56.23,56.24,-1.0,-1.0,-1.0,-1.0,-1.0,-1.0,-1.0,56.24,-1.0,-1.0,-1.0,-1.0,-1.0,-1.0,-1.0,-1.0,56.1,-1.0,-1.0,-1.0,-1.0,-1.0,-1.0,-1.0,-1.0,-1.0,-1.0,-1.0,-1.0,56.14,56.18,56.18,-1.0,56.2,56.2,-1.0,-1.0,-1.0,-1.0,-1.0,-1.0,-1.0,-1.0,-1.0,-1.0,56.1,56.06,56.03,-1.0,-1.0,55.97,-1.0,-1.0,-1.0,-1.0,-1.0,-1.0,55.83,-1.0,-1.0,-1.0,55.81,-1.0,-1.0,-1.0,-1.0,-1.0,-1.0,55.76,-1.0,55.81,-1.0,-1.0,-1.0,-1.0,-1.0,-1.0,-1.0,55.88,55.89,-1.0,-1.0,-1.0,55.99,56.05,-1.0,-1.0,-1.0,-1.0,-1.0,-1.0,-1.0,56.22,-1.0,56.285,56.285,56.29,-1.0,56.24,-1.0,-1.0,56.195,-1.0,-1.0,56.21,-1.0,-1.0,-1.0,-1.0,-1.0,-1.0,-1.0,56.33,-1.0,56.3,-1.0,-1.0,-1.0,-1.0,56.36,-1.0,56.38,-1.0,-1.0,-1.0,-1.0,56.33,56.32,-1.0,-1.0,56.313,-1.0,-1.0,-1.0,56.26,-1.0,56.25,-1.0,56.14,56.14,-1.0,-1.0,-1.0,56.19,56.197,56.202,56.235,56.225,56.195,56.248,-1.0,56.2,56.205,-1.0,-1.0,56.106,-1.0,56.102,-1.0,-1.0,56.16,-1.0,56.202,-1.0,56.11,56.12,56.137,56.13,56.116,56.13,56.143,56.12,56.179,56.157,56.143,56.106,56.106
2019-04-04,-1.0,-1.0,-1.0,-1.0,-1.0,-1.0,-1.0,-1.0,-1.0,-1.0,-1.0,-1.0,-1.0,-1.0,-1.0,-1.0,-1.0,55.84,55.85,-1.0,-1.0,-1.0,56.085,-1.0,-1.0,-1.0,-1.0,-1.0,-1.0,-1.0,-1.0,-1.0,-1.0,-1.0,-1.0,-1.0,-1.0,-1.0,55.87,-1.0,-1.0,-1.0,55.99,-1.0,-1.0,-1.0,-1.0,-1.0,-1.0,56.14,-1.0,56.16,56.08,56.11,-1.0,-1.0,-1.0,55.96,-1.0,55.945,-1.0,-1.0,-1.0,-1.0,-1.0,-1.0,-1.0,-1.0,-1.0,-1.0,-1.0,55.79,55.685,-1.0,55.725,-1.0,-1.0,-1.0,-1.0,-1.0,-1.0,56.02,55.95,-1.0,-1.0,-1.0,-1.0,55.91,-1.0,-1.0,55.99,-1.0,-1.0,-1.0,-1.0,-1.0,-1.0,56.28,-1.0,-1.0,-1.0,56.425,56.38,56.365,-1.0,-1.0,-1.0,-1.0,-1.0,-1.0,-1.0,56.11,-1.0,-1.0,56.19,-1.0,-1.0,-1.0,56.34,-1.0,56.245,56.25,-1.0,56.23,-1.0,-1.0,-1.0,-1.0,-1.0,-1.0,-1.0,-1.0,-1.0,-1.0,-1.0,-1.0,-1.0,-1.0,-1.0,56.64,56.62,-1.0,-1.0,-1.0,-1.0,-1.0,-1.0,-1.0,-1.0,-1.0,56.855,56.775,-1.0,56.75,-1.0,-1.0,56.83,56.92,-1.0,56.86,-1.0,-1.0,-1.0,56.76,-1.0,56.69,56.65,56.585,56.61,56.71,56.77,56.77,56.83,-1.0,-1.0,-1.0,-1.0,-1.0,-1.0,-1.0,-1.0,-1.0,-1.0,-1.0,56.91,-1.0,56.945,56.899,-1.0,-1.0,-1.0,56.892,56.91,-1.0,56.98,-1.0,56.9,56.905,-1.0,-1.0,-1.0,-1.0,-1.0,-1.0,-1.0,-1.0,-1.0,-1.0,57.08,-1.0,-1.0,-1.0,-1.0,-1.0,-1.0,56.98,-1.0,-1.0,-1.0,-1.0,-1.0,-1.0,-1.0,57.015,-1.0,-1.0,-1.0,-1.0,-1.0,-1.0,-1.0,-1.0,-1.0,-1.0,-1.0,-1.0,-1.0,-1.0,-1.0,-1.0,57.2,-1.0,-1.0,-1.0,-1.0,57.25,-1.0,57.32,-1.0,57.34,-1.0,-1.0,-1.0,-1.0,-1.0,57.33,-1.0,-1.0,57.408,-1.0,-1.0,-1.0,-1.0,57.41,-1.0,-1.0,-1.0,-1.0,-1.0,-1.0,-1.0,-1.0,57.37,-1.0,-1.0,57.34,57.46,57.43,-1.0,57.41,57.37,57.334,57.32,57.33,57.377,57.385,57.402,57.395,57.38,-1.0,57.25,57.245,-1.0,-1.0,57.13,-1.0,-1.0,-1.0,-1.0,-1.0,56.9,-1.0,57.005,-1.0,-1.0,-1.0,57.005,56.978,57.0,57.0,57.005,56.96,56.885,-1.0,56.782,-1.0,-1.0,-1.0,-1.0,-1.0,-1.0,-1.0,-1.0,-1.0,-1.0,-1.0,56.83,-1.0,-1.0,56.7,-1.0,-1.0,-1.0,56.81,56.79,56.805,56.815,-1.0,-1.0,-1.0,-1.0,56.84,56.855,56.855,-1.0,-1.0,56.841,56.88,-1.0,56.88,56.9,56.9,-1.0,-1.0,56.91,56.88,-1.0,-1.0,56.87,56.862,-1.0,-1.0,56.905,56.935,56.94,56.942,56.931,-1.0,-1.0,56.97,56.98,56.97,56.96,56.975,56.99,57.01,57.07,57.08,-1.0,57.055,57.09,-1.0,57.051,57.07,57.095,57.066,57.045,56.968,57.041,57.047
2019-04-05,57.49,-1.0,-1.0,-1.0,-1.0,57.27,-1.0,-1.0,-1.0,-1.0,-1.0,-1.0,-1.0,-1.0,-1.0,-1.0,-1.0,-1.0,57.57,-1.0,-1.0,-1.0,-1.0,-1.0,-1.0,-1.0,-1.0,-1.0,-1.0,-1.0,57.3,57.245,-1.0,-1.0,-1.0,-1.0,-1.0,-1.0,-1.0,-1.0,-1.0,-1.0,57.66,-1.0,57.78,-1.0,-1.0,-1.0,57.955,57.92,-1.0,57.88,57.98,57.93,57.9,-1.0,-1.0,57.916,-1.0,-1.0,-1.0,57.88,57.968,57.95,58.01,-1.0,57.985,-1.0,-1.0,-1.0,-1.0,58.13,58.09,-1.0,-1.0,-1.0,-1.0,58.15,-1.0,-1.0,-1.0,58.32,58.32,-1.0,-1.0,-1.0,58.222,-1.0,-1.0,-1.0,-1.0,-1.0,-1.0,-1.0,-1.0,-1.0,-1.0,-1.0,-1.0,58.4,-1.0,-1.0,-1.0,-1.0,58.48,-1.0,-1.0,58.45,58.38,58.29,-1.0,58.28,-1.0,-1.0,-1.0,-1.0,-1.0,-1.0,58.23,-1.0,-1.0,-1.0,-1.0,-1.0,-1.0,-1.0,-1.0,-1.0,-1.0,-1.0,-1.0,-1.0,-1.0,-1.0,-1.0,-1.0,58.49,-1.0,58.51,-1.0,-1.0,-1.0,-1.0,-1.0,-1.0,-1.0,-1.0,-1.0,-1.0,-1.0,-1.0,-1.0,58.59,58.49,-1.0,-1.0,-1.0,-1.0,-1.0,-1.0,-1.0,-1.0,-1.0,-1.0,-1.0,-1.0,-1.0,-1.0,-1.0,-1.0,-1.0,58.31,-1.0,-1.0,-1.0,-1.0,-1.0,-1.0,-1.0,58.36,58.395,-1.0,-1.0,-1.0,-1.0,-1.0,-1.0,-1.0,-1.0,-1.0,-1.0,-1.0,-1.0,-1.0,-1.0,-1.0,-1.0,-1.0,-1.0,-1.0,-1.0,-1.0,-1.0,-1.0,58.465,-1.0,-1.0,-1.0,-1.0,58.51,-1.0,-1.0,-1.0,-1.0,-1.0,58.38,-1.0,-1.0,58.36,-1.0,-1.0,-1.0,-1.0,-1.0,-1.0,-1.0,-1.0,-1.0,-1.0,-1.0,-1.0,-1.0,-1.0,-1.0,-1.0,-1.0,-1.0,-1.0,-1.0,-1.0,-1.0,-1.0,-1.0,-1.0,-1.0,-1.0,-1.0,-1.0,-1.0,-1.0,-1.0,-1.0,-1.0,-1.0,-1.0,58.5,-1.0,-1.0,-1.0,-1.0,-1.0,58.5,-1.0,-1.0,58.55,-1.0,-1.0,58.62,58.64,58.7,58.708,58.66,58.71,-1.0,-1.0,-1.0,-1.0,-1.0,-1.0,-1.0,-1.0,-1.0,-1.0,-1.0,-1.0,-1.0,58.69,-1.0,-1.0,-1.0,-1.0,-1.0,-1.0,-1.0,-1.0,-1.0,-1.0,-1.0,58.65,58.695,58.66,58.735,-1.0,-1.0,-1.0,-1.0,-1.0,-1.0,-1.0,-1.0,-1.0,-1.0,-1.0,-1.0,-1.0,-1.0,-1.0,-1.0,-1.0,-1.0,58.61,-1.0,58.63,-1.0,-1.0,-1.0,-1.0,58.595,-1.0,-1.0,58.63,-1.0,-1.0,-1.0,-1.0,-1.0,-1.0,-1.0,-1.0,-1.0,-1.0,-1.0,-1.0,-1.0,58.625,-1.0,-1.0,-1.0,58.66,-1.0,58.68,-1.0,58.715,-1.0,58.68,-1.0,-1.0,-1.0,58.62,58.597,-1.0,-1.0,-1.0,58.73,-1.0,-1.0,-1.0,-1.0,-1.0,58.532,58.531,-1.0,58.487,58.46,58.43,58.377,58.36,58.324,58.32,58.3,58.326,58.336,58.37,58.392,58.387,58.373,58.294,58.275,58.324,58.358
2019-04-08,-1.0,-1.0,58.874,59.165,59.18,-1.0,58.88,58.89,-1.0,-1.0,-1.0,-1.0,-1.0,-1.0,-1.0,59.05,-1.0,-1.0,-1.0,-1.0,59.043,-1.0,-1.0,-1.0,-1.0,58.99,-1.0,-1.0,58.87,-1.0,-1.0,58.8,-1.0,58.976,58.93,58.95,-1.0,-1.0,59.208,-1.0,-1.0,-1.0,59.228,59.228,-1.0,59.121,-1.0,59.097,-1.0,-1.0,-1.0,59.15,59.15,59.15,-1.0,59.2,-1.0,-1.0,-1.0,-1.0,59.267,59.28,59.26,59.42,-1.0,-1.0,59.334,-1.0,-1.0,-1.0,-1.0,-1.0,-1.0,-1.0,59.39,-1.0,-1.0,-1.0,59.165,-1.0,-1.0,59.19,-1.0,59.21,-1.0,-1.0,59.19,59.15,59.16,-1.0,59.24,59.16,59.171,-1.0,59.172,-1.0,59.08,59.01,59.08,59.09,59.045,58.972,58.875,58.758,58.77,58.805,-1.0,58.527,58.495,58.43,58.425,58.48,58.555,-1.0,58.55,58.585,-1.0,-1.0,-1.0,-1.0,-1.0,58.76,-1.0,58.831,58.89,58.89,58.815,58.848,58.923,-1.0,58.85,58.87,58.881,-1.0,58.9,-1.0,58.895,58.9,-1.0,-1.0,59.035,58.953,58.9,-1.0,58.89,58.88,-1.0,-1.0,-1.0,-1.0,58.837,58.87,-1.0,-1.0,-1.0,-1.0,-1.0,-1.0,-1.0,-1.0,58.733,58.74,-1.0,-1.0,58.705,58.71,-1.0,-1.0,-1.0,-1.0,58.755,58.773,58.773,-1.0,58.775,58.77,-1.0,58.814,-1.0,58.83,58.841,58.823,58.751,58.725,-1.0,-1.0,-1.0,-1.0,-1.0,-1.0,58.705,-1.0,58.778,-1.0,58.772,-1.0,-1.0,-1.0,-1.0,-1.0,58.65,58.65,-1.0,58.58,-1.0,58.64,-1.0,-1.0,-1.0,-1.0,-1.0,-1.0,58.64,-1.0,-1.0,-1.0,-1.0,-1.0,58.67,-1.0,-1.0,-1.0,-1.0,-1.0,-1.0,-1.0,-1.0,-1.0,-1.0,-1.0,-1.0,-1.0,-1.0,-1.0,-1.0,-1.0,-1.0,-1.0,-1.0,-1.0,58.343,-1.0,-1.0,-1.0,-1.0,-1.0,-1.0,58.2,-1.0,58.18,-1.0,-1.0,-1.0,-1.0,-1.0,58.145,-1.0,-1.0,-1.0,-1.0,-1.0,-1.0,58.191,58.325,58.385,58.36,58.36,-1.0,58.445,58.46,-1.0,58.497,58.475,-1.0,58.455,-1.0,58.435,58.422,58.52,58.56,58.58,-1.0,-1.0,-1.0,-1.0,-1.0,-1.0,-1.0,-1.0,-1.0,58.564,58.46,-1.0,-1.0,58.5,-1.0,-1.0,-1.0,-1.0,-1.0,-1.0,-1.0,-1.0,-1.0,-1.0,-1.0,-1.0,-1.0,-1.0,-1.0,-1.0,-1.0,-1.0,-1.0,-1.0,-1.0,-1.0,-1.0,58.43,-1.0,58.465,-1.0,-1.0,-1.0,-1.0,-1.0,-1.0,-1.0,-1.0,-1.0,-1.0,-1.0,-1.0,-1.0,-1.0,-1.0,-1.0,-1.0,-1.0,-1.0,58.46,-1.0,58.47,-1.0,-1.0,58.443,-1.0,-1.0,-1.0,-1.0,58.451,-1.0,58.435,58.472,-1.0,-1.0,-1.0,-1.0,58.612,-1.0,-1.0,58.65,-1.0,58.61,-1.0,-1.0,-1.0,-1.0,58.71,58.68,-1.0,58.69,58.665,-1.0,58.65,58.671,58.676,-1.0,58.702,58.736,58.75,58.72,58.675,-1.0,58.675,58.679,-1.0,58.725,58.706,58.676
2019-04-09,-1.0,-1.0,58.45,-1.0,-1.0,-1.0,58.04,58.088,58.004,-1.0,-1.0,-1.0,-1.0,-1.0,-1.0,58.055,58.01,-1.0,57.84,57.795,-1.0,-1.0,58.007,57.88,-1.0,57.975,-1.0,57.815,57.835,57.83,-1.0,57.732,57.835,-1.0,-1.0,-1.0,57.682,57.7,-1.0,57.725,57.818,-1.0,-1.0,57.84,57.843,57.812,57.81,-1.0,57.861,-1.0,57.88,57.979,-1.0,58.07,58.135,58.175,-1.0,58.11,58.1,-1.0,-1.0,-1.0,-1.0,-1.0,-1.0,58.15,-1.0,-1.0,-1.0,58.185,58.203,-1.0,58.14,-1.0,-1.0,58.055,-1.0,58.075,57.985,-1.0,57.89,-1.0,58.019,58.0,58.09,-1.0,-1.0,-1.0,58.06,58.135,58.09,58.15,58.095,58.195,58.22,58.24,58.31,58.315,58.295,-1.0,-1.0,-1.0,-1.0,-1.0,58.07,-1.0,58.155,-1.0,-1.0,-1.0,-1.0,-1.0,-1.0,-1.0,-1.0,-1.0,-1.0,-1.0,-1.0,58.22,-1.0,58.245,58.295,-1.0,58.18,-1.0,-1.0,-1.0,-1.0,-1.0,-1.0,-1.0,58.19,-1.0,-1.0,58.15,-1.0,58.14,58.12,-1.0,58.19,-1.0,58.21,-1.0,-1.0,-1.0,-1.0,-1.0,-1.0,58.24,-1.0,-1.0,58.317,-1.0,-1.0,58.31,-1.0,58.355,-1.0,-1.0,58.365,-1.0,-1.0,58.395,58.415,-1.0,58.42,-1.0,-1.0,-1.0,58.435,58.42,58.44,58.438,58.48,-1.0,58.46,58.443,-1.0,58.435,-1.0,-1.0,-1.0,-1.0,-1.0,58.45,-1.0,-1.0,-1.0,-1.0,-1.0,-1.0,58.545,-1.0,-1.0,-1.0,-1.0,-1.0,-1.0,58.58,-1.0,-1.0,-1.0,-1.0,-1.0,58.57,-1.0,-1.0,-1.0,58.585,-1.0,-1.0,-1.0,58.605,-1.0,-1.0,58.58,-1.0,-1.0,58.625,58.62,58.635,-1.0,58.64,58.66,-1.0,58.67,58.73,58.688,-1.0,-1.0,-1.0,-1.0,-1.0,58.59,-1.0,-1.0,-1.0,-1.0,-1.0,-1.0,58.525,58.48,-1.0,58.475,58.5,58.52,-1.0,-1.0,-1.0,58.58,-1.0,-1.0,-1.0,-1.0,-1.0,58.52,-1.0,-1.0,-1.0,58.53,-1.0,-1.0,58.56,-1.0,58.52,-1.0,58.56,58.555,58.595,58.61,-1.0,58.615,-1.0,-1.0,-1.0,-1.0,58.553,-1.0,58.55,58.565,-1.0,-1.0,-1.0,58.57,58.585,-1.0,-1.0,-1.0,-1.0,-1.0,58.54,-1.0,58.595,58.555,-1.0,-1.0,58.545,-1.0,58.537,58.547,-1.0,58.552,58.525,-1.0,58.5,58.495,58.495,58.495,-1.0,58.505,58.5,58.443,58.36,58.307,58.28,58.28,-1.0,58.33,-1.0,-1.0,58.345,58.295,58.29,-1.0,-1.0,-1.0,-1.0,-1.0,-1.0,-1.0,-1.0,58.285,-1.0,-1.0,-1.0,-1.0,58.24,58.24,-1.0,-1.0,58.24,58.195,58.185,-1.0,-1.0,58.182,58.14,58.1,58.15,58.15,-1.0,-1.0,-1.0,58.148,58.095,-1.0,-1.0,-1.0,-1.0,-1.0,-1.0,58.127,-1.0,58.16,58.186,-1.0,58.14,58.11,-1.0,-1.0,58.13,58.13,-1.0,-1.0,58.15,58.15,58.16,58.17,58.16,58.145,58.145,58.105,58.089,58.06,58.05,58.065,58.052,58.07,58.112
2019-04-10,-1.0,-1.0,58.545,58.665,-1.0,58.89,-1.0,-1.0,59.06,59.035,-1.0,58.93,58.94,-1.0,-1.0,-1.0,-1.0,-1.0,-1.0,-1.0,-1.0,-1.0,-1.0,-1.0,-1.0,-1.0,58.97,58.983,59.065,59.09,-1.0,-1.0,-1.0,-1.0,59.188,59.21,59.25,59.265,59.24,59.215,59.04,-1.0,58.98,-1.0,-1.0,-1.0,59.037,59.04,-1.0,-1.0,-1.0,59.204,-1.0,-1.0,-1.0,-1.0,-1.0,-1.0,-1.0,59.165,59.125,-1.0,-1.0,-1.0,-1.0,-1.0,-1.0,-1.0,-1.0,-1.0,-1.0,-1.0,-1.0,-1.0,-1.0,-1.0,-1.0,-1.0,59.12,-1.0,59.25,-1.0,59.22,59.26,-1.0,59.23,-1.0,59.21,-1.0,-1.0,-1.0,-1.0,-1.0,-1.0,59.38,-1.0,-1.0,-1.0,59.41,-1.0,-1.0,-1.0,-1.0,-1.0,-1.0,-1.0,-1.0,-1.0,-1.0,-1.0,-1.0,-1.0,-1.0,-1.0,-1.0,-1.0,59.375,-1.0,-1.0,-1.0,-1.0,-1.0,-1.0,-1.0,-1.0,59.46,-1.0,-1.0,-1.0,-1.0,59.41,59.335,-1.0,-1.0,-1.0,-1.0,-1.0,-1.0,-1.0,-1.0,-1.0,-1.0,-1.0,-1.0,-1.0,59.5,-1.0,-1.0,-1.0,-1.0,-1.0,-1.0,-1.0,-1.0,-1.0,-1.0,-1.0,59.608,-1.0,59.6,-1.0,-1.0,-1.0,-1.0,59.56,-1.0,-1.0,-1.0,-1.0,-1.0,-1.0,59.679,-1.0,-1.0,59.74,-1.0,-1.0,-1.0,-1.0,-1.0,59.7,-1.0,59.652,59.65,-1.0,-1.0,-1.0,59.67,59.7,59.71,-1.0,-1.0,-1.0,-1.0,-1.0,-1.0,-1.0,-1.0,-1.0,-1.0,-1.0,-1.0,-1.0,-1.0,59.565,-1.0,-1.0,-1.0,59.65,59.648,-1.0,-1.0,-1.0,59.65,-1.0,-1.0,-1.0,-1.0,-1.0,-1.0,-1.0,-1.0,-1.0,59.67,59.69,-1.0,-1.0,59.735,-1.0,-1.0,59.825,59.83,-1.0,-1.0,-1.0,-1.0,-1.0,-1.0,-1.0,-1.0,-1.0,59.78,-1.0,59.76,59.77,59.758,59.723,59.68,-1.0,-1.0,-1.0,59.63,-1.0,-1.0,-1.0,-1.0,-1.0,59.63,-1.0,59.585,-1.0,59.595,-1.0,-1.0,-1.0,-1.0,-1.0,59.545,-1.0,-1.0,59.605,-1.0,-1.0,-1.0,-1.0,-1.0,59.4,-1.0,-1.0,-1.0,-1.0,-1.0,59.31,59.29,-1.0,59.295,59.31,-1.0,59.26,-1.0,59.32,-1.0,-1.0,-1.0,-1.0,-1.0,-1.0,59.25,59.3,59.307,59.227,59.185,59.15,59.097,-1.0,-1.0,-1.0,59.16,-1.0,-1.0,-1.0,-1.0,59.245,59.29,59.275,59.303,59.307,-1.0,59.29,59.267,59.26,-1.0,-1.0,59.389,59.355,-1.0,59.38,-1.0,-1.0,-1.0,59.38,59.455,-1.0,59.42,-1.0,-1.0,59.495,59.48,-1.0,59.465,59.457,-1.0,-1.0,59.445,-1.0,-1.0,-1.0,-1.0,59.47,-1.0,-1.0,59.365,-1.0,-1.0,-1.0,-1.0,59.37,-1.0,-1.0,-1.0,-1.0,59.45,59.45,59.47,-1.0,59.422,59.35,59.215,59.184,59.19,-1.0,59.242,-1.0,59.255,-1.0,59.233,59.274,59.28,59.28,59.275,59.242,59.278,59.294,59.286,59.283,59.313,59.364,59.389,59.403,59.409
2019-04-11,-1.0,-1.0,-1.0,-1.0,-1.0,-1.0,58.99,-1.0,-1.0,59.25,-1.0,-1.0,-1.0,-1.0,-1.0,-1.0,-1.0,-1.0,-1.0,60.2,-1.0,-1.0,60.315,60.36,60.375,60.33,60.375,60.447,60.444,60.415,60.4,60.355,60.325,60.26,60.232,60.343,60.271,60.321,60.322,-1.0,60.28,-1.0,60.31,-1.0,60.275,-1.0,60.347,60.414,60.429,60.415,-1.0,60.425,60.26,60.25,60.155,-1.0,60.07,60.065,60.06,-1.0,60.044,59.986,59.94,60.01,59.935,59.895,59.82,59.96,-1.0,60.13,-1.0,-1.0,-1.0,-1.0,60.205,-1.0,-1.0,-1.0,-1.0,-1.0,-1.0,-1.0,-1.0,-1.0,-1.0,-1.0,-1.0,-1.0,60.07,60.0,-1.0,59.905,-1.0,-1.0,-1.0,-1.0,59.66,-1.0,-1.0,-1.0,-1.0,59.525,59.545,-1.0,59.67,59.672,59.58,59.558,-1.0,59.412,-1.0,59.48,-1.0,-1.0,-1.0,59.48,-1.0,-1.0,59.5,-1.0,59.43,59.35,59.365,59.336,59.275,59.26,-1.0,-1.0,-1.0,59.084,-1.0,-1.0,-1.0,59.02,59.06,-1.0,-1.0,-1.0,-1.0,-1.0,-1.0,-1.0,-1.0,-1.0,-1.0,-1.0,59.032,-1.0,-1.0,-1.0,-1.0,-1.0,59.095,-1.0,59.13,-1.0,-1.0,-1.0,-1.0,59.001,-1.0,-1.0,59.11,-1.0,-1.0,59.16,-1.0,-1.0,59.08,-1.0,-1.0,-1.0,-1.0,-1.0,-1.0,-1.0,-1.0,58.923,-1.0,-1.0,58.85,-1.0,-1.0,-1.0,-1.0,-1.0,-1.0,-1.0,-1.0,-1.0,-1.0,58.756,-1.0,-1.0,-1.0,-1.0,58.82,-1.0,-1.0,58.825,-1.0,-1.0,-1.0,-1.0,-1.0,-1.0,-1.0,-1.0,-1.0,-1.0,-1.0,-1.0,-1.0,-1.0,-1.0,-1.0,-1.0,-1.0,-1.0,-1.0,-1.0,59.06,59.1,-1.0,-1.0,-1.0,-1.0,-1.0,-1.0,-1.0,-1.0,-1.0,-1.0,-1.0,59.11,-1.0,-1.0,-1.0,-1.0,-1.0,-1.0,-1.0,-1.0,-1.0,-1.0,-1.0,-1.0,-1.0,-1.0,-1.0,-1.0,-1.0,-1.0,-1.0,-1.0,-1.0,-1.0,-1.0,-1.0,-1.0,58.995,-1.0,58.97,-1.0,-1.0,-1.0,59.015,-1.0,-1.0,-1.0,-1.0,-1.0,-1.0,-1.0,-1.0,59.045,-1.0,-1.0,-1.0,-1.0,-1.0,-1.0,-1.0,-1.0,-1.0,-1.0,-1.0,-1.0,-1.0,-1.0,-1.0,-1.0,-1.0,-1.0,-1.0,-1.0,-1.0,59.195,-1.0,59.2,-1.0,-1.0,59.16,-1.0,59.13,59.082,59.023,58.92,-1.0,-1.0,-1.0,-1.0,58.922,59.009,-1.0,-1.0,-1.0,-1.0,-1.0,-1.0,59.03,-1.0,59.03,59.025,-1.0,-1.0,58.99,-1.0,-1.0,-1.0,58.93,58.93,58.986,59.038,-1.0,59.085,-1.0,-1.0,-1.0,-1.0,-1.0,59.097,59.125,59.174,59.15,59.105,59.145,59.187,59.175,59.155,59.153,-1.0,59.155,59.165,-1.0,59.145,59.145,59.15,-1.0,59.16,59.17,-1.0,-1.0,59.21,-1.0,-1.0,-1.0,59.21,59.205,59.144,59.13,59.1,59.1,-1.0,59.08,-1.0,-1.0,58.99,59.025,59.035,-1.0,59.076,59.1,-1.0,59.11,-1.0,59.126,59.109,59.17,59.1
2019-04-12,-1.0,-1.0,-1.0,60.28,60.516,-1.0,-1.0,-1.0,60.22,60.21,-1.0,60.16,-1.0,-1.0,-1.0,-1.0,-1.0,-1.0,-1.0,-1.0,-1.0,-1.0,-1.0,-1.0,-1.0,-1.0,60.365,-1.0,-1.0,-1.0,-1.0,-1.0,-1.0,-1.0,-1.0,-1.0,59.858,59.661,-1.0,-1.0,59.59,-1.0,-1.0,-1.0,-1.0,-1.0,59.668,-1.0,-1.0,-1.0,-1.0,-1.0,59.84,-1.0,59.96,-1.0,-1.0,-1.0,-1.0,59.82,59.85,59.885,59.903,59.87,59.84,-1.0,-1.0,-1.0,-1.0,59.845,-1.0,-1.0,-1.0,-1.0,-1.0,-1.0,-1.0,-1.0,-1.0,-1.0,-1.0,-1.0,-1.0,59.72,59.756,-1.0,-1.0,59.865,-1.0,-1.0,59.92,-1.0,-1.0,-1.0,-1.0,-1.0,-1.0,59.98,-1.0,-1.0,-1.0,60.04,-1.0,59.97,-1.0,-1.0,-1.0,-1.0,-1.0,-1.0,-1.0,-1.0,-1.0,59.95,-1.0,-1.0,59.96,59.97,-1.0,-1.0,60.045,-1.0,-1.0,-1.0,-1.0,60.037,60.075,-1.0,-1.0,60.095,60.055,-1.0,-1.0,-1.0,-1.0,-1.0,-1.0,-1.0,-1.0,-1.0,-1.0,-1.0,-1.0,-1.0,60.12,60.12,-1.0,-1.0,-1.0,-1.0,-1.0,-1.0,-1.0,-1.0,-1.0,-1.0,60.34,-1.0,-1.0,-1.0,-1.0,-1.0,60.21,-1.0,-1.0,-1.0,-1.0,60.3,-1.0,-1.0,60.23,-1.0,60.23,-1.0,-1.0,-1.0,-1.0,-1.0,-1.0,-1.0,-1.0,-1.0,-1.0,-1.0,-1.0,60.32,-1.0,-1.0,-1.0,-1.0,-1.0,-1.0,-1.0,-1.0,-1.0,60.2,-1.0,60.18,-1.0,-1.0,-1.0,-1.0,-1.0,-1.0,-1.0,-1.0,-1.0,60.265,-1.0,-1.0,-1.0,60.34,-1.0,60.4,-1.0,-1.0,60.462,60.45,-1.0,-1.0,-1.0,-1.0,-1.0,-1.0,-1.0,-1.0,60.355,-1.0,60.4,60.4,-1.0,-1.0,-1.0,60.418,60.41,-1.0,60.405,60.425,-1.0,60.41,60.43,-1.0,60.45,60.425,60.446,60.475,60.496,-1.0,60.51,-1.0,60.5,-1.0,60.525,-1.0,-1.0,-1.0,-1.0,60.49,-1.0,-1.0,-1.0,-1.0,-1.0,-1.0,-1.0,-1.0,60.53,-1.0,-1.0,60.485,-1.0,-1.0,60.54,-1.0,-1.0,-1.0,60.56,60.57,-1.0,-1.0,60.49,-1.0,60.53,-1.0,-1.0,-1.0,-1.0,60.575,60.53,-1.0,60.51,-1.0,-1.0,-1.0,60.49,-1.0,-1.0,-1.0,-1.0,-1.0,60.425,-1.0,-1.0,-1.0,-1.0,-1.0,60.48,-1.0,-1.0,60.52,-1.0,60.48,-1.0,60.44,-1.0,-1.0,-1.0,60.385,-1.0,-1.0,60.34,-1.0,-1.0,-1.0,60.32,60.37,60.355,-1.0,-1.0,-1.0,60.395,-1.0,60.46,-1.0,-1.0,-1.0,-1.0,-1.0,-1.0,60.527,60.52,-1.0,-1.0,60.588,-1.0,60.625,60.61,60.6,60.565,-1.0,60.535,60.49,-1.0,60.49,-1.0,-1.0,60.5,-1.0,-1.0,-1.0,-1.0,-1.0,-1.0,60.52,-1.0,-1.0,-1.0,60.38,60.37,60.39,60.4,60.358,60.385,-1.0,60.36,60.405,60.37,-1.0,60.401,60.4,60.35,60.331,60.307,60.302,60.28,60.334,60.392,60.377,60.391,60.36
2019-04-15,60.165,60.01,-1.0,60.13,-1.0,59.815,-1.0,-1.0,-1.0,-1.0,59.746,59.72,-1.0,-1.0,59.77,59.7,-1.0,59.665,59.75,-1.0,59.885,59.85,59.847,-1.0,-1.0,-1.0,60.02,-1.0,60.117,-1.0,60.027,60.098,60.2,60.217,60.17,60.142,60.153,60.145,60.175,60.105,60.125,60.18,60.18,60.253,60.307,-1.0,-1.0,60.4,60.297,60.288,-1.0,60.253,-1.0,60.358,60.27,-1.0,60.295,-1.0,60.285,60.2,-1.0,-1.0,-1.0,60.131,60.18,-1.0,60.065,60.063,-1.0,-1.0,59.995,60.015,60.035,-1.0,-1.0,59.885,-1.0,-1.0,59.895,59.825,59.87,-1.0,59.895,59.92,-1.0,59.92,59.955,59.935,-1.0,60.01,60.01,59.985,-1.0,59.86,-1.0,59.84,-1.0,59.778,59.765,59.87,59.925,59.93,59.938,59.935,59.93,59.995,59.95,59.91,-1.0,-1.0,-1.0,59.828,59.82,59.825,59.815,59.77,59.757,59.767,-1.0,59.87,59.82,-1.0,59.835,59.84,-1.0,-1.0,59.947,-1.0,59.997,-1.0,59.96,59.955,-1.0,59.898,-1.0,-1.0,-1.0,59.905,59.915,-1.0,-1.0,59.94,-1.0,-1.0,59.95,-1.0,59.93,-1.0,-1.0,-1.0,59.86,-1.0,59.858,59.877,-1.0,59.91,-1.0,59.904,-1.0,-1.0,-1.0,59.85,-1.0,-1.0,-1.0,-1.0,-1.0,59.98,-1.0,-1.0,60.057,-1.0,-1.0,-1.0,-1.0,-1.0,-1.0,-1.0,59.98,-1.0,-1.0,-1.0,-1.0,-1.0,-1.0,-1.0,-1.0,-1.0,-1.0,-1.0,60.1,-1.0,-1.0,60.14,-1.0,-1.0,60.11,-1.0,-1.0,60.085,-1.0,-1.0,60.08,60.06,-1.0,-1.0,-1.0,-1.0,-1.0,-1.0,60.127,60.085,-1.0,-1.0,60.15,60.115,-1.0,-1.0,60.085,-1.0,-1.0,-1.0,-1.0,60.05,60.09,60.08,-1.0,-1.0,59.99,-1.0,60.015,-1.0,-1.0,60.03,-1.0,60.075,-1.0,60.125,60.125,-1.0,60.139,60.15,-1.0,60.135,60.13,-1.0,60.113,60.19,-1.0,-1.0,60.2,-1.0,-1.0,-1.0,60.205,-1.0,60.21,-1.0,60.23,60.245,60.255,60.245,60.305,60.307,-1.0,60.34,60.32,-1.0,60.235,-1.0,-1.0,60.26,-1.0,60.285,60.288,-1.0,60.27,60.265,60.275,60.275,-1.0,60.29,-1.0,60.265,-1.0,-1.0,60.258,60.26,-1.0,-1.0,-1.0,60.265,60.25,-1.0,-1.0,-1.0,60.255,-1.0,60.21,60.23,60.255,-1.0,-1.0,-1.0,60.085,60.095,-1.0,60.023,-1.0,60.011,60.014,59.993,59.955,59.92,59.92,59.915,59.945,59.985,-1.0,-1.0,60.001,60.02,-1.0,60.09,60.11,-1.0,60.035,-1.0,60.095,60.075,-1.0,-1.0,60.135,-1.0,60.105,-1.0,60.165,-1.0,60.155,-1.0,-1.0,-1.0,-1.0,60.12,-1.0,60.137,60.15,-1.0,-1.0,-1.0,-1.0,-1.0,-1.0,-1.0,-1.0,60.19,-1.0,60.185,-1.0,-1.0,60.2,60.2,60.197,-1.0,-1.0,60.155,60.16,60.165,-1.0,60.172,60.16,60.17,-1.0,60.145,60.155,60.155,60.155,-1.0,60.15,60.14,60.12,-1.0,60.108,60.127,60.149,-1.0,60.152,60.155,60.153,60.149
2019-04-16,-1.0,-1.0,60.508,-1.0,60.4,-1.0,-1.0,-1.0,60.52,-1.0,60.43,-1.0,60.495,60.505,-1.0,-1.0,-1.0,60.63,60.64,-1.0,-1.0,-1.0,60.48,-1.0,60.575,60.59,60.61,-1.0,60.73,-1.0,-1.0,-1.0,-1.0,-1.0,60.722,60.717,60.775,60.75,60.72,-1.0,-1.0,60.767,60.85,-1.0,60.815,-1.0,-1.0,-1.0,-1.0,-1.0,60.79,-1.0,-1.0,-1.0,60.73,-1.0,60.76,-1.0,60.79,-1.0,60.86,-1.0,60.83,-1.0,60.8,-1.0,60.85,60.88,60.932,-1.0,60.993,61.03,-1.0,-1.0,61.09,61.117,-1.0,-1.0,61.075,-1.0,-1.0,-1.0,-1.0,-1.0,-1.0,-1.0,-1.0,-1.0,-1.0,-1.0,-1.0,60.77,60.91,-1.0,-1.0,-1.0,-1.0,-1.0,-1.0,-1.0,-1.0,-1.0,-1.0,-1.0,-1.0,-1.0,-1.0,-1.0,-1.0,-1.0,-1.0,-1.0,-1.0,-1.0,-1.0,-1.0,-1.0,-1.0,-1.0,-1.0,-1.0,-1.0,-1.0,-1.0,-1.0,-1.0,-1.0,-1.0,60.87,60.855,-1.0,60.985,-1.0,60.95,60.95,-1.0,61.002,-1.0,60.97,-1.0,61.085,-1.0,-1.0,61.11,-1.0,-1.0,-1.0,61.155,-1.0,61.23,61.265,-1.0,-1.0,-1.0,61.23,-1.0,-1.0,-1.0,-1.0,61.3,-1.0,-1.0,-1.0,-1.0,-1.0,-1.0,-1.0,-1.0,61.34,-1.0,61.34,-1.0,-1.0,-1.0,-1.0,-1.0,-1.0,-1.0,-1.0,-1.0,-1.0,-1.0,61.28,61.3,-1.0,61.355,-1.0,61.4,61.43,-1.0,-1.0,-1.0,-1.0,-1.0,-1.0,-1.0,-1.0,61.32,-1.0,-1.0,-1.0,-1.0,-1.0,-1.0,-1.0,-1.0,-1.0,-1.0,-1.0,-1.0,-1.0,-1.0,-1.0,-1.0,-1.0,-1.0,-1.0,-1.0,-1.0,-1.0,-1.0,61.24,61.24,-1.0,-1.0,-1.0,-1.0,-1.0,-1.0,-1.0,61.31,-1.0,-1.0,61.33,-1.0,-1.0,61.27,61.265,-1.0,-1.0,-1.0,-1.0,61.31,61.28,-1.0,-1.0,-1.0,61.28,-1.0,-1.0,61.393,-1.0,-1.0,-1.0,-1.0,61.35,-1.0,-1.0,-1.0,-1.0,-1.0,-1.0,-1.0,-1.0,-1.0,61.365,-1.0,-1.0,-1.0,-1.0,-1.0,-1.0,-1.0,-1.0,-1.0,-1.0,61.39,-1.0,-1.0,-1.0,-1.0,61.52,-1.0,-1.0,61.46,-1.0,-1.0,-1.0,-1.0,-1.0,-1.0,-1.0,61.754,-1.0,61.77,-1.0,61.777,61.795,-1.0,-1.0,-1.0,-1.0,-1.0,-1.0,-1.0,-1.0,-1.0,61.79,-1.0,-1.0,-1.0,-1.0,-1.0,-1.0,-1.0,-1.0,-1.0,-1.0,-1.0,-1.0,-1.0,-1.0,-1.0,-1.0,-1.0,61.76,-1.0,61.7,-1.0,-1.0,61.76,-1.0,-1.0,-1.0,-1.0,-1.0,-1.0,-1.0,-1.0,-1.0,61.76,61.76,-1.0,-1.0,-1.0,-1.0,-1.0,-1.0,-1.0,-1.0,-1.0,-1.0,61.71,-1.0,-1.0,-1.0,-1.0,-1.0,61.77,61.85,-1.0,-1.0,-1.0,61.81,61.735,-1.0,-1.0,61.651,-1.0,-1.0,-1.0,-1.0,61.65,-1.0,61.603,-1.0,-1.0,61.635,61.67,61.685,61.706,61.703,61.71,61.727,61.705,61.715,-1.0,61.765,61.75,61.802
2019-04-17,-1.0,62.045,62.345,-1.0,-1.0,62.288,62.21,-1.0,-1.0,-1.0,62.292,-1.0,62.155,-1.0,62.3,62.331,62.38,-1.0,-1.0,62.155,-1.0,62.285,-1.0,-1.0,62.395,62.335,62.351,62.295,62.37,62.425,62.375,62.411,62.385,62.436,62.463,-1.0,-1.0,62.51,62.475,-1.0,62.315,62.33,62.322,62.275,62.29,62.145,62.23,62.267,62.22,-1.0,-1.0,62.2,-1.0,62.26,62.345,62.37,-1.0,-1.0,-1.0,62.355,62.35,62.335,62.37,62.355,-1.0,62.43,62.46,-1.0,-1.0,62.487,-1.0,62.515,62.472,62.48,-1.0,62.48,62.485,62.49,62.47,62.458,-1.0,62.385,62.395,-1.0,62.36,62.383,-1.0,-1.0,62.49,62.465,-1.0,62.405,-1.0,62.438,-1.0,62.47,62.485,-1.0,-1.0,-1.0,-1.0,-1.0,-1.0,62.5,62.46,62.528,-1.0,62.52,62.485,62.516,-1.0,-1.0,62.525,62.53,-1.0,62.5,62.545,-1.0,62.5,62.481,62.373,62.249,-1.0,-1.0,-1.0,62.21,-1.0,-1.0,-1.0,-1.0,-1.0,-1.0,-1.0,-1.0,-1.0,62.25,-1.0,-1.0,-1.0,-1.0,-1.0,62.223,-1.0,-1.0,-1.0,-1.0,-1.0,-1.0,-1.0,62.08,-1.0,-1.0,-1.0,61.99,-1.0,-1.0,-1.0,-1.0,-1.0,62.05,62.057,-1.0,-1.0,-1.0,-1.0,-1.0,-1.0,-1.0,62.15,-1.0,-1.0,62.18,-1.0,-1.0,-1.0,-1.0,-1.0,-1.0,62.14,-1.0,62.12,-1.0,-1.0,-1.0,-1.0,-1.0,-1.0,-1.0,62.24,-1.0,-1.0,62.195,-1.0,-1.0,62.19,-1.0,-1.0,-1.0,-1.0,-1.0,-1.0,-1.0,-1.0,-1.0,-1.0,-1.0,-1.0,-1.0,-1.0,-1.0,62.235,-1.0,-1.0,-1.0,-1.0,-1.0,62.27,-1.0,62.27,-1.0,-1.0,-1.0,-1.0,62.27,-1.0,-1.0,-1.0,-1.0,-1.0,62.36,62.34,62.33,62.38,-1.0,-1.0,-1.0,-1.0,-1.0,-1.0,-1.0,62.38,62.37,-1.0,-1.0,-1.0,62.39,-1.0,-1.0,-1.0,-1.0,-1.0,-1.0,62.355,62.35,-1.0,-1.0,62.34,-1.0,-1.0,-1.0,-1.0,-1.0,62.32,-1.0,62.33,-1.0,-1.0,-1.0,-1.0,-1.0,-1.0,-1.0,-1.0,-1.0,62.39,-1.0,-1.0,-1.0,62.36,-1.0,-1.0,-1.0,-1.0,-1.0,-1.0,-1.0,-1.0,-1.0,-1.0,-1.0,-1.0,-1.0,-1.0,-1.0,62.24,-1.0,62.23,-1.0,-1.0,-1.0,-1.0,-1.0,-1.0,-1.0,62.25,-1.0,-1.0,62.2,62.23,-1.0,-1.0,-1.0,-1.0,-1.0,-1.0,-1.0,-1.0,-1.0,-1.0,62.35,-1.0,-1.0,62.3,-1.0,-1.0,-1.0,-1.0,-1.0,-1.0,-1.0,62.313,-1.0,-1.0,-1.0,-1.0,-1.0,-1.0,-1.0,-1.0,-1.0,-1.0,62.265,-1.0,62.305,-1.0,-1.0,62.32,62.3,-1.0,62.26,62.274,-1.0,62.279,-1.0,-1.0,62.229,-1.0,62.245,62.281,62.26,62.252,62.242,62.25,62.24,62.239,62.243,62.243,62.249,62.244,62.25,62.24,62.24,62.255,62.26,62.27,62.265,62.255,62.265,62.308,62.295,62.282,62.285,62.282,62.285,62.297,62.282,62.278,62.283,62.282,62.27
2019-04-18,62.458,62.465,-1.0,-1.0,-1.0,62.46,-1.0,-1.0,62.155,-1.0,-1.0,-1.0,62.1,-1.0,62.39,-1.0,-1.0,-1.0,-1.0,-1.0,-1.0,-1.0,-1.0,-1.0,-1.0,-1.0,-1.0,-1.0,-1.0,-1.0,-1.0,62.63,62.624,62.63,62.71,62.725,62.715,-1.0,-1.0,-1.0,62.655,-1.0,62.7,-1.0,-1.0,62.66,62.7,-1.0,-1.0,62.632,-1.0,-1.0,-1.0,62.65,62.63,62.68,62.72,-1.0,-1.0,-1.0,62.745,62.735,62.7,62.66,62.63,-1.0,-1.0,62.635,-1.0,-1.0,62.623,62.63,-1.0,62.648,62.593,62.52,-1.0,-1.0,62.595,62.58,62.54,62.53,62.569,62.57,62.553,62.575,62.6,62.566,62.548,62.595,-1.0,-1.0,62.58,62.61,-1.0,-1.0,62.538,62.587,62.567,-1.0,62.55,62.577,62.57,62.51,62.505,62.515,62.317,62.307,62.364,-1.0,-1.0,-1.0,62.278,-1.0,62.21,-1.0,-1.0,-1.0,-1.0,-1.0,62.28,-1.0,-1.0,-1.0,-1.0,-1.0,62.25,-1.0,-1.0,-1.0,-1.0,-1.0,-1.0,-1.0,-1.0,-1.0,62.32,-1.0,-1.0,-1.0,62.31,-1.0,-1.0,-1.0,-1.0,62.325,62.36,-1.0,62.415,62.38,-1.0,62.44,-1.0,-1.0,-1.0,-1.0,62.45,-1.0,-1.0,-1.0,-1.0,-1.0,62.39,-1.0,62.415,-1.0,-1.0,-1.0,-1.0,-1.0,-1.0,-1.0,-1.0,62.365,-1.0,-1.0,-1.0,-1.0,-1.0,-1.0,-1.0,62.315,-1.0,-1.0,62.395,-1.0,-1.0,-1.0,-1.0,-1.0,62.445,-1.0,-1.0,-1.0,-1.0,-1.0,-1.0,-1.0,62.52,-1.0,-1.0,-1.0,62.61,62.615,-1.0,-1.0,-1.0,-1.0,-1.0,-1.0,-1.0,-1.0,62.62,-1.0,-1.0,62.57,62.565,-1.0,-1.0,-1.0,-1.0,-1.0,-1.0,-1.0,-1.0,-1.0,-1.0,62.54,62.53,62.535,-1.0,62.514,62.5,-1.0,-1.0,-1.0,62.505,62.465,62.42,-1.0,62.42,-1.0,-1.0,-1.0,-1.0,-1.0,-1.0,-1.0,-1.0,-1.0,-1.0,-1.0,-1.0,-1.0,-1.0,62.525,62.487,-1.0,-1.0,-1.0,-1.0,-1.0,-1.0,-1.0,-1.0,-1.0,-1.0,-1.0,-1.0,-1.0,-1.0,-1.0,-1.0,-1.0,62.415,-1.0,62.37,62.368,-1.0,-1.0,-1.0,-1.0,-1.0,62.36,-1.0,-1.0,-1.0,62.361,62.362,62.37,-1.0,-1.0,-1.0,-1.0,-1.0,62.41,62.39,-1.0,62.4,-1.0,-1.0,-1.0,62.39,62.367,62.365,62.365,-1.0,-1.0,62.395,-1.0,62.448,-1.0,-1.0,-1.0,-1.0,-1.0,62.44,-1.0,62.435,62.47,62.47,-1.0,62.47,-1.0,-1.0,-1.0,62.46,-1.0,-1.0,-1.0,-1.0,-1.0,-1.0,-1.0,62.495,62.49,-1.0,-1.0,-1.0,-1.0,-1.0,-1.0,-1.0,-1.0,-1.0,62.64,62.635,-1.0,-1.0,-1.0,-1.0,-1.0,-1.0,-1.0,-1.0,-1.0,-1.0,62.785,-1.0,62.78,62.765,-1.0,-1.0,62.752,-1.0,62.73,-1.0,-1.0,-1.0,-1.0,62.674,-1.0,62.63,62.61,62.6,62.605,-1.0,62.692,62.72,62.712,62.684,62.666,62.673,62.681,62.607,62.564,62.533,62.521,62.518,62.529
2019-04-22,-1.0,63.27,63.15,-1.0,63.29,-1.0,-1.0,-1.0,-1.0,-1.0,-1.0,-1.0,-1.0,-1.0,-1.0,63.118,-1.0,-1.0,63.225,-1.0,63.122,-1.0,63.055,63.015,-1.0,-1.0,-1.0,-1.0,-1.0,-1.0,63.32,-1.0,-1.0,-1.0,-1.0,-1.0,-1.0,-1.0,-1.0,-1.0,63.4,-1.0,63.46,-1.0,-1.0,-1.0,63.336,-1.0,-1.0,-1.0,-1.0,-1.0,63.627,63.685,63.752,63.755,-1.0,63.84,63.947,-1.0,63.875,-1.0,63.867,-1.0,-1.0,-1.0,-1.0,-1.0,63.94,63.87,-1.0,-1.0,63.875,63.83,-1.0,63.8,-1.0,-1.0,63.88,63.97,64.02,-1.0,64.135,-1.0,64.195,64.13,64.205,-1.0,-1.0,64.168,64.07,63.97,63.954,63.92,-1.0,-1.0,-1.0,-1.0,-1.0,-1.0,64.085,-1.0,-1.0,-1.0,-1.0,-1.0,-1.0,-1.0,-1.0,-1.0,64.118,-1.0,-1.0,-1.0,-1.0,-1.0,-1.0,-1.0,-1.0,-1.0,-1.0,64.13,-1.0,-1.0,-1.0,64.07,-1.0,-1.0,-1.0,-1.0,64.19,64.12,-1.0,-1.0,-1.0,-1.0,-1.0,-1.0,-1.0,-1.0,-1.0,64.17,-1.0,-1.0,-1.0,64.185,-1.0,-1.0,-1.0,-1.0,-1.0,-1.0,-1.0,-1.0,-1.0,64.27,64.28,-1.0,-1.0,-1.0,-1.0,64.34,-1.0,-1.0,64.39,-1.0,64.52,64.48,-1.0,-1.0,-1.0,-1.0,-1.0,-1.0,-1.0,-1.0,-1.0,-1.0,64.47,-1.0,-1.0,-1.0,-1.0,-1.0,-1.0,-1.0,64.41,64.42,-1.0,-1.0,-1.0,-1.0,-1.0,-1.0,-1.0,-1.0,-1.0,-1.0,64.385,-1.0,-1.0,-1.0,-1.0,-1.0,-1.0,64.37,-1.0,-1.0,64.395,-1.0,-1.0,-1.0,-1.0,-1.0,-1.0,64.535,-1.0,-1.0,-1.0,-1.0,64.48,-1.0,-1.0,-1.0,-1.0,-1.0,-1.0,-1.0,-1.0,-1.0,-1.0,-1.0,-1.0,-1.0,-1.0,-1.0,-1.0,64.36,-1.0,-1.0,-1.0,-1.0,-1.0,-1.0,-1.0,-1.0,-1.0,-1.0,-1.0,64.38,-1.0,-1.0,64.445,-1.0,-1.0,-1.0,-1.0,-1.0,-1.0,-1.0,-1.0,64.43,-1.0,-1.0,-1.0,64.4,-1.0,-1.0,-1.0,-1.0,-1.0,-1.0,-1.0,64.308,-1.0,64.3,-1.0,-1.0,-1.0,-1.0,-1.0,-1.0,-1.0,-1.0,-1.0,-1.0,-1.0,-1.0,-1.0,-1.0,-1.0,-1.0,-1.0,-1.0,64.15,-1.0,-1.0,-1.0,-1.0,-1.0,-1.0,64.205,-1.0,-1.0,-1.0,-1.0,-1.0,-1.0,64.15,-1.0,-1.0,-1.0,-1.0,-1.0,-1.0,-1.0,-1.0,-1.0,-1.0,-1.0,-1.0,-1.0,-1.0,64.225,64.26,-1.0,64.257,-1.0,-1.0,-1.0,-1.0,-1.0,-1.0,-1.0,-1.0,64.166,-1.0,-1.0,64.21,-1.0,-1.0,-1.0,-1.0,-1.0,-1.0,-1.0,-1.0,-1.0,-1.0,-1.0,-1.0,-1.0,-1.0,-1.0,-1.0,-1.0,-1.0,-1.0,-1.0,64.329,64.338,-1.0,-1.0,64.4,-1.0,-1.0,-1.0,-1.0,-1.0,-1.0,64.57,64.53,-1.0,-1.0,64.533,64.57,64.563,64.56,64.575,64.55,64.589,64.618,-1.0,64.663,64.714,64.745,64.735,64.695,64.68,64.617
2019-04-23,64.29,64.285,-1.0,-1.0,-1.0,-1.0,64.56,-1.0,-1.0,-1.0,-1.0,-1.0,-1.0,64.314,64.257,64.253,64.504,-1.0,64.387,64.31,-1.0,-1.0,63.685,-1.0,63.64,63.705,-1.0,-1.0,63.37,63.46,-1.0,63.89,64.195,64.218,-1.0,-1.0,-1.0,-1.0,-1.0,-1.0,-1.0,-1.0,-1.0,-1.0,-1.0,-1.0,63.63,-1.0,-1.0,-1.0,63.29,63.247,-1.0,63.5,-1.0,-1.0,-1.0,63.675,-1.0,63.56,-1.0,-1.0,63.68,-1.0,63.635,63.578,-1.0,-1.0,63.525,-1.0,63.705,63.74,-1.0,63.881,63.77,63.79,-1.0,63.69,-1.0,-1.0,63.65,63.69,63.635,63.625,63.73,-1.0,63.79,-1.0,-1.0,63.778,-1.0,-1.0,-1.0,-1.0,63.858,63.8,63.805,63.82,63.842,63.91,-1.0,-1.0,64.07,-1.0,-1.0,-1.0,-1.0,63.935,63.945,-1.0,-1.0,-1.0,-1.0,-1.0,63.825,-1.0,-1.0,-1.0,-1.0,63.75,63.729,63.707,-1.0,63.56,63.565,-1.0,-1.0,-1.0,-1.0,-1.0,63.62,63.62,-1.0,-1.0,63.565,-1.0,63.61,-1.0,63.55,63.44,63.49,-1.0,-1.0,-1.0,63.6,63.68,-1.0,-1.0,63.568,-1.0,63.598,-1.0,63.55,63.58,63.532,63.575,63.581,-1.0,63.62,-1.0,-1.0,-1.0,63.367,-1.0,63.345,-1.0,63.345,-1.0,63.32,-1.0,63.351,63.335,63.358,-1.0,63.32,-1.0,-1.0,63.34,63.35,63.255,63.26,63.235,63.195,63.19,-1.0,63.175,63.195,-1.0,-1.0,63.315,63.308,-1.0,-1.0,-1.0,-1.0,63.359,63.316,-1.0,63.38,-1.0,-1.0,63.47,-1.0,-1.0,63.5,63.47,-1.0,63.505,63.52,63.455,63.395,63.375,63.35,63.35,63.315,-1.0,63.288,-1.0,-1.0,-1.0,-1.0,-1.0,-1.0,63.31,-1.0,63.34,63.335,-1.0,-1.0,-1.0,-1.0,-1.0,-1.0,-1.0,-1.0,63.44,-1.0,-1.0,-1.0,63.415,63.405,-1.0,-1.0,-1.0,63.36,63.38,-1.0,-1.0,-1.0,-1.0,-1.0,-1.0,63.318,63.297,-1.0,63.309,63.315,63.292,63.295,63.3,63.29,63.27,-1.0,63.24,63.225,63.23,63.28,-1.0,-1.0,-1.0,63.379,63.385,63.36,63.33,63.35,-1.0,-1.0,63.42,63.477,63.462,-1.0,63.5,63.489,-1.0,63.455,63.452,63.43,-1.0,63.442,63.397,63.39,63.362,63.36,63.345,63.34,63.335,-1.0,-1.0,-1.0,-1.0,-1.0,-1.0,-1.0,-1.0,-1.0,63.345,63.32,-1.0,-1.0,-1.0,-1.0,-1.0,-1.0,-1.0,-1.0,-1.0,-1.0,-1.0,-1.0,63.44,63.469,63.397,-1.0,63.35,-1.0,63.335,-1.0,-1.0,63.25,-1.0,-1.0,-1.0,63.105,63.079,63.045,63.073,-1.0,63.09,63.102,63.064,63.035,-1.0,63.035,63.035,63.035,62.973,62.965,62.98,62.99,62.977,62.94,-1.0,62.898,-1.0,62.94,62.875,62.88,62.85,-1.0,62.828,-1.0,62.82,-1.0,62.83,-1.0,62.825,62.81,62.862,62.88,62.853,62.82,62.828,62.836,62.82,62.852,62.85,62.845,62.85,62.847,62.82,62.836,62.894,62.975,62.974,62.981,62.982,63.021,62.986,62.966,62.991
2019-04-24,-1.0,-1.0,-1.0,63.02,-1.0,-1.0,62.87,63.099,62.94,62.8,-1.0,-1.0,-1.0,-1.0,-1.0,-1.0,-1.0,-1.0,-1.0,-1.0,-1.0,-1.0,-1.0,63.12,63.102,-1.0,-1.0,-1.0,63.18,-1.0,63.04,62.875,-1.0,-1.0,-1.0,-1.0,-1.0,-1.0,-1.0,-1.0,-1.0,-1.0,-1.0,-1.0,-1.0,-1.0,-1.0,-1.0,-1.0,62.51,-1.0,-1.0,62.54,-1.0,-1.0,-1.0,62.525,62.46,-1.0,-1.0,62.59,-1.0,-1.0,-1.0,-1.0,62.678,-1.0,62.74,-1.0,-1.0,-1.0,-1.0,-1.0,-1.0,62.46,-1.0,-1.0,-1.0,-1.0,62.485,-1.0,-1.0,62.38,-1.0,62.23,62.27,-1.0,-1.0,-1.0,-1.0,62.214,62.253,-1.0,62.34,62.315,-1.0,62.24,62.23,-1.0,62.08,62.076,62.1,-1.0,-1.0,-1.0,-1.0,-1.0,-1.0,-1.0,-1.0,-1.0,-1.0,-1.0,-1.0,-1.0,-1.0,61.875,-1.0,61.94,62.06,-1.0,-1.0,-1.0,-1.0,-1.0,-1.0,-1.0,-1.0,-1.0,-1.0,62.09,-1.0,-1.0,-1.0,-1.0,-1.0,-1.0,-1.0,-1.0,62.13,62.135,-1.0,-1.0,62.0,-1.0,-1.0,-1.0,-1.0,-1.0,-1.0,-1.0,-1.0,-1.0,-1.0,-1.0,-1.0,-1.0,-1.0,62.145,-1.0,62.11,62.1,62.105,-1.0,-1.0,-1.0,-1.0,-1.0,-1.0,62.129,62.096,-1.0,-1.0,-1.0,-1.0,-1.0,62.07,-1.0,-1.0,-1.0,-1.0,-1.0,62.06,62.057,-1.0,-1.0,-1.0,-1.0,-1.0,-1.0,-1.0,-1.0,-1.0,-1.0,-1.0,-1.0,-1.0,-1.0,-1.0,-1.0,-1.0,-1.0,-1.0,62.025,-1.0,62.09,61.99,-1.0,61.97,-1.0,-1.0,61.84,-1.0,-1.0,-1.0,61.81,-1.0,-1.0,-1.0,-1.0,-1.0,61.79,-1.0,61.75,61.75,61.81,61.819,-1.0,61.815,61.83,-1.0,-1.0,-1.0,-1.0,-1.0,-1.0,61.91,-1.0,-1.0,-1.0,-1.0,-1.0,61.92,-1.0,-1.0,-1.0,-1.0,-1.0,-1.0,-1.0,-1.0,61.88,-1.0,-1.0,-1.0,-1.0,-1.0,-1.0,-1.0,61.71,-1.0,-1.0,-1.0,-1.0,-1.0,-1.0,61.69,-1.0,-1.0,-1.0,61.645,61.67,61.69,61.733,-1.0,-1.0,-1.0,61.645,-1.0,61.67,61.65,-1.0,-1.0,-1.0,-1.0,-1.0,-1.0,-1.0,-1.0,-1.0,-1.0,-1.0,-1.0,-1.0,-1.0,61.615,61.59,-1.0,-1.0,-1.0,-1.0,61.5,-1.0,61.54,-1.0,61.52,61.52,61.505,61.52,61.487,-1.0,61.47,-1.0,61.455,-1.0,61.535,61.625,61.615,-1.0,-1.0,-1.0,-1.0,-1.0,-1.0,61.67,61.7,61.697,61.65,-1.0,-1.0,61.589,61.57,61.56,-1.0,-1.0,-1.0,61.541,61.57,61.557,61.575,61.54,61.477,61.47,-1.0,61.45,-1.0,-1.0,-1.0,-1.0,61.42,-1.0,-1.0,61.422,-1.0,-1.0,61.4,61.358,61.36,61.383,-1.0,61.441,61.41,61.41,-1.0,61.378,61.37,61.334,61.325,-1.0,61.248,61.255,61.255,61.279,61.274,61.254,61.242,61.267,61.242,61.227,61.242,61.23,61.102,60.992,60.986,61.036,61.04,60.962,60.938,60.874,60.874
2019-04-25,-1.0,-1.0,-1.0,62.404,-1.0,62.102,-1.0,-1.0,-1.0,63.176,63.977,63.703,63.496,63.01,62.83,63.0,-1.0,-1.0,63.178,-1.0,62.742,-1.0,62.64,62.127,-1.0,62.352,62.528,62.75,62.75,62.915,62.875,62.945,62.87,62.914,62.865,62.815,62.78,-1.0,-1.0,62.685,62.585,62.36,-1.0,62.44,62.41,-1.0,62.014,62.568,62.5,-1.0,-1.0,62.6,-1.0,62.657,62.623,62.66,62.66,62.615,62.572,-1.0,62.36,62.01,62.021,-1.0,-1.0,61.48,61.465,-1.0,-1.0,61.73,-1.0,-1.0,-1.0,-1.0,-1.0,61.763,-1.0,-1.0,-1.0,61.66,-1.0,61.7,-1.0,-1.0,-1.0,61.619,61.5,61.455,61.45,-1.0,61.478,61.55,61.59,-1.0,61.575,61.563,61.607,-1.0,61.72,-1.0,-1.0,61.705,61.81,-1.0,-1.0,61.585,61.55,-1.0,61.515,61.568,-1.0,61.584,61.59,61.645,-1.0,-1.0,61.36,61.36,61.275,61.307,61.28,61.097,-1.0,61.057,-1.0,60.865,60.725,-1.0,60.74,60.809,-1.0,-1.0,60.68,-1.0,-1.0,60.678,60.68,-1.0,60.634,60.61,60.51,60.565,-1.0,-1.0,-1.0,-1.0,60.905,61.01,-1.0,60.975,60.955,61.05,61.229,-1.0,61.213,-1.0,-1.0,-1.0,-1.0,61.358,-1.0,-1.0,-1.0,61.941,61.95,-1.0,-1.0,61.906,-1.0,61.745,-1.0,-1.0,-1.0,-1.0,61.5,61.66,-1.0,-1.0,-1.0,-1.0,-1.0,61.5,61.515,61.494,61.475,61.485,-1.0,-1.0,-1.0,61.499,61.495,-1.0,61.55,-1.0,61.491,-1.0,-1.0,61.72,61.77,-1.0,61.78,61.718,61.715,-1.0,61.785,-1.0,-1.0,-1.0,-1.0,-1.0,61.835,-1.0,61.818,-1.0,-1.0,61.716,61.703,-1.0,-1.0,-1.0,61.558,-1.0,-1.0,-1.0,-1.0,61.496,-1.0,-1.0,61.603,61.703,-1.0,-1.0,-1.0,61.725,61.71,61.74,-1.0,61.702,-1.0,-1.0,-1.0,61.745,61.775,61.883,61.93,61.813,-1.0,-1.0,61.72,-1.0,61.64,61.64,-1.0,61.555,-1.0,-1.0,-1.0,61.535,-1.0,-1.0,-1.0,61.3,61.321,61.32,-1.0,61.505,61.58,61.541,-1.0,61.46,-1.0,-1.0,61.63,61.66,-1.0,61.76,-1.0,61.76,61.755,61.7,61.66,-1.0,-1.0,61.535,-1.0,61.537,-1.0,61.577,-1.0,61.608,61.555,61.505,61.485,61.433,61.48,61.515,61.502,61.49,61.47,61.505,61.53,61.54,61.59,61.72,-1.0,61.566,-1.0,-1.0,-1.0,61.6,-1.0,61.58,61.58,61.61,61.619,61.623,61.62,-1.0,-1.0,61.72,61.73,-1.0,61.785,61.803,61.765,61.735,61.758,61.825,61.85,61.83,61.807,61.71,61.7,61.697,61.725,61.689,-1.0,61.721,-1.0,61.7,-1.0,61.663,61.64,61.636,-1.0,61.531,61.535,61.49,61.52,61.52,61.497,61.545,61.568,61.62,61.61,61.682,61.696,-1.0,61.76,61.77,61.757,-1.0,61.8,61.755,61.665,61.671,61.657,-1.0,61.64,-1.0,61.645,-1.0,61.64,-1.0,61.73,61.71,61.689,-1.0,61.65,-1.0,61.52,61.49,61.54,61.56,-1.0,61.59,61.449,61.337,61.297,61.419
2019-04-26,-1.0,-1.0,-1.0,-1.0,-1.0,-1.0,-1.0,-1.0,-1.0,-1.0,-1.0,-1.0,-1.0,59.078,-1.0,-1.0,58.85,-1.0,58.96,58.965,59.14,-1.0,59.43,59.323,59.261,59.29,59.15,59.231,59.31,59.44,59.48,59.509,59.508,59.556,59.626,59.614,59.635,59.587,59.572,59.568,59.579,59.64,59.611,59.533,59.49,59.476,59.43,-1.0,59.395,59.4,59.425,59.38,-1.0,59.355,59.295,59.277,-1.0,-1.0,59.153,59.185,-1.0,-1.0,-1.0,-1.0,58.92,58.905,-1.0,58.89,-1.0,58.903,58.9,58.928,-1.0,-1.0,58.995,-1.0,-1.0,-1.0,-1.0,-1.0,59.303,-1.0,59.332,59.37,59.34,59.26,-1.0,59.145,-1.0,59.068,-1.0,-1.0,-1.0,-1.0,-1.0,-1.0,-1.0,58.855,-1.0,58.95,-1.0,-1.0,-1.0,59.142,59.14,59.2,59.16,59.11,-1.0,-1.0,59.395,59.37,-1.0,59.42,-1.0,-1.0,-1.0,-1.0,59.58,-1.0,59.685,-1.0,59.635,-1.0,-1.0,59.525,59.591,59.64,-1.0,-1.0,-1.0,59.695,-1.0,-1.0,-1.0,59.729,59.81,-1.0,-1.0,59.83,-1.0,59.8,-1.0,-1.0,-1.0,-1.0,59.77,59.64,-1.0,59.645,-1.0,59.765,-1.0,-1.0,59.815,59.785,-1.0,-1.0,-1.0,-1.0,-1.0,-1.0,-1.0,59.87,59.94,59.97,60.07,59.955,59.985,59.968,59.95,-1.0,-1.0,59.795,-1.0,59.73,-1.0,59.652,-1.0,59.595,-1.0,-1.0,59.55,59.59,-1.0,59.51,59.49,-1.0,-1.0,-1.0,59.515,-1.0,-1.0,59.52,-1.0,59.59,59.65,-1.0,-1.0,-1.0,-1.0,59.64,-1.0,-1.0,-1.0,59.667,59.635,-1.0,59.62,-1.0,-1.0,59.52,-1.0,-1.0,-1.0,-1.0,59.56,-1.0,-1.0,-1.0,-1.0,59.565,59.545,59.53,59.499,59.445,-1.0,59.355,59.38,-1.0,59.42,59.435,-1.0,-1.0,59.4,59.41,59.375,-1.0,-1.0,59.345,-1.0,-1.0,59.325,-1.0,59.3,-1.0,-1.0,-1.0,-1.0,-1.0,-1.0,59.29,-1.0,-1.0,-1.0,-1.0,-1.0,59.275,-1.0,59.26,-1.0,59.345,-1.0,-1.0,-1.0,59.24,59.18,59.185,59.182,59.18,-1.0,-1.0,-1.0,58.98,59.0,-1.0,-1.0,-1.0,-1.0,58.91,-1.0,-1.0,-1.0,-1.0,58.94,-1.0,58.94,58.92,-1.0,-1.0,-1.0,58.88,-1.0,-1.0,-1.0,-1.0,-1.0,-1.0,-1.0,-1.0,-1.0,-1.0,59.085,-1.0,59.105,59.07,-1.0,59.03,-1.0,58.97,-1.0,58.905,-1.0,58.922,58.98,58.945,-1.0,-1.0,58.854,-1.0,-1.0,-1.0,-1.0,-1.0,-1.0,58.75,-1.0,-1.0,58.76,58.763,58.766,58.85,58.89,58.885,-1.0,58.94,58.95,-1.0,-1.0,-1.0,58.8,58.79,58.765,-1.0,58.765,58.791,58.8,-1.0,-1.0,58.8,-1.0,58.77,58.775,-1.0,58.78,-1.0,-1.0,-1.0,-1.0,-1.0,58.725,-1.0,58.752,-1.0,58.72,-1.0,58.71,58.755,-1.0,58.8,58.775,58.765,-1.0,-1.0,58.52,58.487,58.434,58.415,58.414,58.49,58.472,58.469,58.475,58.499,58.497,58.549,58.549,58.568,58.597,58.662
2019-04-29,-1.0,58.45,-1.0,-1.0,-1.0,-1.0,-1.0,-1.0,-1.0,-1.0,-1.0,58.189,-1.0,58.228,58.26,-1.0,-1.0,-1.0,-1.0,58.495,-1.0,58.48,-1.0,-1.0,-1.0,58.258,-1.0,58.23,58.23,-1.0,-1.0,-1.0,-1.0,-1.0,58.5,58.49,58.48,-1.0,-1.0,-1.0,-1.0,-1.0,58.2,-1.0,-1.0,58.305,-1.0,-1.0,-1.0,-1.0,-1.0,-1.0,-1.0,-1.0,-1.0,-1.0,-1.0,-1.0,-1.0,58.26,-1.0,58.25,58.39,-1.0,-1.0,-1.0,58.35,-1.0,-1.0,58.4,-1.0,-1.0,-1.0,58.43,-1.0,-1.0,58.4,-1.0,58.345,-1.0,58.33,-1.0,58.23,-1.0,-1.0,-1.0,58.19,-1.0,58.063,-1.0,-1.0,58.07,-1.0,-1.0,-1.0,58.045,57.935,57.94,-1.0,-1.0,-1.0,-1.0,-1.0,-1.0,-1.0,57.78,57.78,-1.0,57.74,57.75,57.785,-1.0,-1.0,-1.0,-1.0,-1.0,-1.0,-1.0,-1.0,-1.0,57.84,57.83,-1.0,-1.0,-1.0,-1.0,-1.0,-1.0,-1.0,58.005,57.935,57.94,-1.0,58.087,-1.0,58.035,-1.0,-1.0,-1.0,-1.0,-1.0,58.12,-1.0,-1.0,-1.0,-1.0,-1.0,-1.0,58.11,-1.0,-1.0,-1.0,-1.0,-1.0,-1.0,-1.0,-1.0,58.09,-1.0,-1.0,-1.0,-1.0,-1.0,-1.0,58.285,58.309,-1.0,-1.0,-1.0,-1.0,58.23,-1.0,58.21,-1.0,-1.0,-1.0,-1.0,-1.0,-1.0,-1.0,-1.0,-1.0,-1.0,-1.0,-1.0,-1.0,-1.0,-1.0,-1.0,-1.0,58.362,58.41,-1.0,-1.0,-1.0,-1.0,-1.0,58.36,58.44,-1.0,-1.0,-1.0,-1.0,-1.0,58.58,58.6,58.55,-1.0,-1.0,-1.0,-1.0,-1.0,-1.0,-1.0,-1.0,58.55,58.56,58.51,-1.0,-1.0,58.48,-1.0,-1.0,-1.0,-1.0,-1.0,-1.0,-1.0,58.525,-1.0,-1.0,-1.0,-1.0,-1.0,-1.0,-1.0,-1.0,-1.0,-1.0,-1.0,58.38,-1.0,-1.0,-1.0,-1.0,-1.0,58.456,-1.0,-1.0,-1.0,58.483,58.598,-1.0,-1.0,-1.0,-1.0,-1.0,58.65,-1.0,-1.0,-1.0,-1.0,-1.0,-1.0,-1.0,-1.0,-1.0,-1.0,-1.0,58.68,58.67,-1.0,-1.0,-1.0,-1.0,-1.0,-1.0,-1.0,-1.0,-1.0,58.64,-1.0,-1.0,-1.0,-1.0,-1.0,58.65,-1.0,-1.0,-1.0,-1.0,-1.0,-1.0,-1.0,58.71,-1.0,58.65,-1.0,-1.0,-1.0,58.674,-1.0,-1.0,-1.0,-1.0,-1.0,-1.0,-1.0,58.68,-1.0,-1.0,-1.0,-1.0,-1.0,-1.0,-1.0,-1.0,-1.0,-1.0,-1.0,58.47,-1.0,-1.0,58.43,-1.0,58.42,58.41,-1.0,-1.0,58.44,-1.0,-1.0,-1.0,58.435,-1.0,-1.0,58.43,-1.0,-1.0,58.5,-1.0,-1.0,-1.0,58.465,58.453,58.46,58.455,-1.0,58.45,58.475,58.47,58.49,-1.0,58.498,58.422,-1.0,58.37,58.392,-1.0,58.385,58.449,58.485,-1.0,58.49,58.48,-1.0,58.45,-1.0,58.47,-1.0,58.475,-1.0,58.465,58.473,-1.0,58.49,58.483,58.493,58.488,-1.0,-1.0,58.498,58.535,58.465,58.455,58.433,58.404,58.4,58.398,58.399
2019-04-30,58.795,-1.0,-1.0,-1.0,-1.0,58.285,58.215,-1.0,-1.0,58.035,-1.0,58.111,-1.0,57.945,58.0,58.002,58.0,57.93,57.939,57.953,57.987,57.992,58.02,57.965,58.061,57.962,57.983,57.918,57.941,58.0,57.983,57.909,57.938,57.84,57.856,57.86,57.905,57.902,57.86,57.876,57.959,58.005,58.011,57.998,57.957,57.937,-1.0,58.058,58.085,58.077,58.13,58.079,58.081,58.063,-1.0,58.16,58.2,58.21,58.265,58.315,-1.0,-1.0,58.495,-1.0,58.532,-1.0,58.521,58.574,58.592,58.558,58.57,58.592,58.58,58.443,58.41,58.381,58.41,58.365,58.226,58.335,58.35,-1.0,58.31,58.38,-1.0,58.208,-1.0,58.152,58.166,58.191,58.14,58.112,-1.0,58.065,58.04,57.99,-1.0,57.94,57.91,-1.0,58.0,57.974,-1.0,-1.0,-1.0,58.05,57.96,57.96,58.015,-1.0,-1.0,58.133,-1.0,58.268,-1.0,58.347,-1.0,58.37,-1.0,-1.0,58.417,58.5,58.49,-1.0,58.53,58.5,58.441,58.446,58.486,58.517,58.42,-1.0,58.34,58.405,-1.0,58.423,58.4,58.37,-1.0,58.39,58.371,58.39,58.387,58.383,58.38,-1.0,58.342,58.331,-1.0,58.395,-1.0,-1.0,58.327,-1.0,58.32,58.328,58.315,58.38,58.375,58.41,58.44,58.48,58.474,58.44,-1.0,58.425,58.407,58.432,58.435,58.42,58.46,58.47,58.45,58.46,58.475,58.502,-1.0,58.389,-1.0,58.4,58.397,58.38,-1.0,58.39,58.343,58.347,-1.0,-1.0,58.248,58.21,-1.0,-1.0,58.24,58.27,-1.0,58.21,-1.0,58.22,-1.0,-1.0,58.23,-1.0,58.269,-1.0,-1.0,58.31,-1.0,58.34,-1.0,-1.0,58.44,58.42,-1.0,-1.0,58.413,-1.0,-1.0,58.43,58.48,58.465,58.479,58.535,58.525,58.44,-1.0,58.453,58.46,-1.0,58.49,58.477,58.43,58.421,58.4,-1.0,58.33,-1.0,58.305,-1.0,58.33,-1.0,58.378,58.38,58.375,-1.0,58.45,-1.0,58.44,-1.0,58.406,58.407,58.347,58.349,58.365,58.4,-1.0,58.325,58.34,58.33,58.322,58.35,-1.0,58.32,58.292,-1.0,58.305,58.265,58.25,-1.0,58.185,58.19,58.212,58.23,-1.0,-1.0,58.234,-1.0,-1.0,58.26,58.264,58.263,-1.0,-1.0,58.285,58.29,-1.0,58.306,58.342,58.348,58.345,-1.0,58.4,58.38,-1.0,58.38,58.405,58.365,-1.0,58.39,-1.0,58.4,58.4,58.41,58.398,58.405,58.417,58.4,58.382,58.36,-1.0,58.36,58.38,-1.0,58.37,58.392,58.37,58.38,58.39,-1.0,58.44,-1.0,58.473,58.475,58.492,58.498,58.495,-1.0,58.44,58.4,-1.0,58.36,58.37,-1.0,58.4,58.425,58.427,58.43,58.422,58.485,58.453,-1.0,58.469,58.452,58.477,58.46,58.49,58.477,58.48,58.498,58.498,-1.0,58.508,58.55,58.56,58.56,58.56,58.505,-1.0,58.444,58.485,58.51,58.48,58.435,58.469,58.49,-1.0,58.51,58.53,-1.0,58.5,58.48,58.495,58.48,58.494,58.497,58.481,-1.0,58.49,58.479,58.48,-1.0,58.479,58.507,58.532,58.52,58.505,58.5,58.45,58.45,58.445,58.525
2019-05-01,-1.0,-1.0,-1.0,-1.0,-1.0,-1.0,58.635,-1.0,-1.0,58.66,58.645,-1.0,-1.0,-1.0,-1.0,-1.0,58.57,-1.0,-1.0,-1.0,-1.0,-1.0,-1.0,58.32,58.115,58.135,-1.0,-1.0,58.08,-1.0,57.88,-1.0,-1.0,-1.0,57.56,-1.0,57.585,-1.0,-1.0,-1.0,-1.0,-1.0,-1.0,-1.0,57.421,57.445,57.58,-1.0,57.735,-1.0,-1.0,-1.0,-1.0,-1.0,-1.0,-1.0,-1.0,-1.0,-1.0,-1.0,-1.0,-1.0,-1.0,-1.0,57.368,-1.0,57.355,-1.0,-1.0,57.335,-1.0,57.3,-1.0,-1.0,-1.0,-1.0,57.4,-1.0,57.41,-1.0,-1.0,-1.0,57.259,57.25,-1.0,57.2,-1.0,57.131,-1.0,-1.0,-1.0,-1.0,57.13,57.16,57.172,-1.0,-1.0,-1.0,-1.0,-1.0,-1.0,-1.0,-1.0,-1.0,-1.0,57.297,-1.0,-1.0,-1.0,57.275,-1.0,-1.0,-1.0,57.29,57.294,57.42,57.38,-1.0,57.4,57.441,-1.0,-1.0,-1.0,57.6,57.63,-1.0,57.595,-1.0,-1.0,57.75,-1.0,-1.0,-1.0,57.81,-1.0,-1.0,-1.0,-1.0,-1.0,-1.0,-1.0,57.77,-1.0,-1.0,57.745,-1.0,57.69,-1.0,-1.0,57.615,57.58,57.576,-1.0,-1.0,-1.0,-1.0,-1.0,57.545,-1.0,-1.0,-1.0,-1.0,-1.0,-1.0,-1.0,-1.0,-1.0,-1.0,57.54,-1.0,-1.0,-1.0,-1.0,-1.0,-1.0,-1.0,-1.0,-1.0,-1.0,-1.0,-1.0,57.635,-1.0,57.5,-1.0,57.545,-1.0,-1.0,-1.0,-1.0,57.54,-1.0,-1.0,-1.0,-1.0,-1.0,-1.0,-1.0,-1.0,-1.0,-1.0,-1.0,-1.0,-1.0,57.49,-1.0,-1.0,-1.0,-1.0,57.585,57.693,-1.0,-1.0,-1.0,-1.0,-1.0,-1.0,-1.0,-1.0,-1.0,-1.0,-1.0,-1.0,-1.0,-1.0,-1.0,-1.0,-1.0,-1.0,-1.0,-1.0,-1.0,-1.0,-1.0,-1.0,-1.0,-1.0,-1.0,-1.0,-1.0,-1.0,-1.0,-1.0,-1.0,-1.0,57.56,-1.0,-1.0,-1.0,-1.0,-1.0,57.455,-1.0,-1.0,-1.0,-1.0,-1.0,-1.0,-1.0,57.54,-1.0,-1.0,-1.0,-1.0,-1.0,-1.0,-1.0,-1.0,-1.0,-1.0,-1.0,-1.0,-1.0,-1.0,57.4,-1.0,-1.0,-1.0,-1.0,-1.0,-1.0,-1.0,57.495,-1.0,-1.0,-1.0,57.487,-1.0,-1.0,-1.0,-1.0,-1.0,-1.0,57.41,-1.0,-1.0,-1.0,-1.0,-1.0,-1.0,-1.0,57.38,-1.0,-1.0,-1.0,-1.0,-1.0,-1.0,-1.0,-1.0,57.07,57.06,-1.0,-1.0,-1.0,57.1,57.1,-1.0,-1.0,-1.0,57.165,-1.0,-1.0,-1.0,57.145,-1.0,57.105,-1.0,-1.0,-1.0,57.115,-1.0,57.095,-1.0,57.04,-1.0,-1.0,-1.0,-1.0,-1.0,56.895,-1.0,-1.0,-1.0,-1.0,-1.0,-1.0,-1.0,57.08,-1.0,-1.0,-1.0,-1.0,-1.0,-1.0,56.86,-1.0,-1.0,57.0,-1.0,57.047,-1.0,56.975,-1.0,-1.0,-1.0,56.91,56.92,-1.0,-1.0,56.87,-1.0,56.822,56.84,56.828,-1.0,56.715,56.61,56.58,-1.0,56.49,56.447,56.41,56.43,56.409,56.396,56.32,56.298,56.3,56.237
2019-05-02,55.75,-1.0,-1.0,-1.0,55.79,-1.0,-1.0,-1.0,-1.0,-1.0,-1.0,-1.0,-1.0,-1.0,-1.0,-1.0,-1.0,-1.0,55.89,-1.0,-1.0,-1.0,56.115,-1.0,-1.0,-1.0,-1.0,56.28,-1.0,56.45,56.51,-1.0,-1.0,-1.0,-1.0,-1.0,-1.0,56.76,56.705,-1.0,56.635,-1.0,56.63,-1.0,-1.0,56.678,-1.0,56.74,56.76,56.77,-1.0,-1.0,-1.0,-1.0,56.89,-1.0,-1.0,56.877,56.867,-1.0,56.983,56.99,-1.0,57.03,-1.0,56.957,-1.0,56.836,56.83,56.76,56.69,-1.0,56.687,56.685,56.617,56.575,56.558,-1.0,56.57,56.583,56.615,-1.0,56.641,-1.0,56.64,56.69,56.678,56.628,-1.0,56.625,-1.0,56.51,-1.0,-1.0,-1.0,56.682,56.67,-1.0,-1.0,56.813,56.853,56.92,56.943,56.95,56.86,56.848,56.855,-1.0,-1.0,56.608,56.485,56.4,56.454,56.5,56.51,-1.0,-1.0,56.493,56.404,56.42,-1.0,56.46,56.56,56.53,56.515,56.44,56.45,-1.0,-1.0,56.389,56.32,56.4,-1.0,-1.0,56.28,-1.0,-1.0,-1.0,56.378,-1.0,56.412,56.317,56.25,56.25,-1.0,-1.0,-1.0,56.104,-1.0,56.139,-1.0,56.21,-1.0,-1.0,-1.0,56.255,56.291,56.301,56.336,56.322,56.29,-1.0,56.331,-1.0,-1.0,56.273,56.25,56.27,56.24,-1.0,56.2,-1.0,56.32,56.35,56.36,56.4,-1.0,-1.0,56.51,-1.0,-1.0,56.724,56.73,56.765,56.73,56.834,-1.0,56.849,-1.0,56.802,-1.0,56.85,-1.0,56.86,56.86,56.868,56.861,56.897,-1.0,56.93,56.91,-1.0,56.902,56.915,-1.0,56.92,56.955,56.975,56.985,-1.0,-1.0,56.975,56.92,56.885,56.855,56.872,56.85,-1.0,56.849,56.84,-1.0,-1.0,56.865,56.79,56.72,-1.0,-1.0,-1.0,-1.0,-1.0,-1.0,-1.0,-1.0,-1.0,56.865,56.9,56.925,-1.0,56.88,56.935,-1.0,56.875,-1.0,56.85,56.85,56.855,56.849,56.855,56.855,56.975,56.975,56.98,56.938,-1.0,57.07,57.06,57.065,-1.0,-1.0,-1.0,-1.0,-1.0,57.16,57.25,-1.0,57.146,57.205,57.32,57.359,57.289,57.26,57.147,57.108,57.064,57.03,56.973,-1.0,56.955,56.95,56.933,-1.0,-1.0,56.79,56.82,56.82,56.765,56.75,56.848,56.85,56.898,56.91,56.952,-1.0,-1.0,-1.0,57.055,57.029,-1.0,56.98,56.945,-1.0,56.885,56.892,56.89,56.94,56.94,56.92,56.98,56.975,-1.0,56.973,56.965,56.98,-1.0,57.03,57.028,57.007,56.924,56.89,-1.0,56.712,56.735,-1.0,-1.0,56.797,56.815,56.773,56.788,56.763,56.745,56.73,56.745,56.734,56.685,-1.0,56.695,56.635,56.565,56.563,-1.0,56.655,-1.0,56.627,56.65,-1.0,56.635,-1.0,56.72,-1.0,56.785,56.76,56.756,56.82,56.76,56.8,56.805,56.846,56.82,56.785,56.795,56.76,56.795,56.767,56.74,56.67,56.637,56.615,56.619,56.657,56.705,56.675,56.67,56.69,-1.0,-1.0,-1.0,56.613,-1.0,56.637,56.695,56.718,56.731,56.733,56.675,56.672,56.672,56.655,56.684,56.686,56.675
2019-05-03,-1.0,-1.0,57.24,-1.0,-1.0,57.75,-1.0,57.82,-1.0,57.67,-1.0,-1.0,-1.0,-1.0,-1.0,-1.0,-1.0,-1.0,57.06,-1.0,-1.0,57.45,-1.0,-1.0,-1.0,-1.0,57.457,57.42,57.456,-1.0,-1.0,57.27,-1.0,-1.0,-1.0,-1.0,-1.0,-1.0,-1.0,-1.0,57.41,-1.0,-1.0,-1.0,57.2,-1.0,57.282,-1.0,57.24,57.394,-1.0,57.405,57.515,57.5,57.54,57.725,57.73,-1.0,-1.0,57.68,-1.0,57.6,-1.0,-1.0,-1.0,-1.0,57.65,-1.0,-1.0,-1.0,-1.0,-1.0,-1.0,57.653,-1.0,-1.0,57.43,-1.0,-1.0,-1.0,-1.0,-1.0,-1.0,57.48,-1.0,57.46,-1.0,-1.0,-1.0,57.54,57.583,-1.0,57.615,-1.0,-1.0,-1.0,57.485,57.57,-1.0,57.605,-1.0,57.65,-1.0,-1.0,-1.0,-1.0,-1.0,-1.0,57.508,57.49,-1.0,-1.0,57.59,-1.0,-1.0,57.6,-1.0,-1.0,-1.0,-1.0,-1.0,-1.0,57.661,-1.0,-1.0,-1.0,-1.0,-1.0,57.58,-1.0,57.575,-1.0,-1.0,-1.0,-1.0,-1.0,57.57,-1.0,-1.0,-1.0,-1.0,-1.0,-1.0,-1.0,-1.0,57.64,-1.0,57.71,-1.0,-1.0,-1.0,-1.0,-1.0,-1.0,57.72,-1.0,-1.0,-1.0,-1.0,-1.0,-1.0,-1.0,-1.0,-1.0,-1.0,-1.0,-1.0,-1.0,57.7,57.737,-1.0,-1.0,-1.0,-1.0,57.63,-1.0,-1.0,-1.0,-1.0,-1.0,57.615,-1.0,-1.0,-1.0,-1.0,57.6,-1.0,-1.0,57.657,-1.0,-1.0,57.655,57.665,-1.0,57.66,57.66,-1.0,57.59,-1.0,-1.0,-1.0,-1.0,-1.0,-1.0,57.53,57.56,57.58,57.56,-1.0,-1.0,57.54,57.5,57.52,-1.0,-1.0,57.52,57.515,-1.0,-1.0,-1.0,-1.0,-1.0,-1.0,-1.0,-1.0,57.59,-1.0,57.61,-1.0,57.533,-1.0,57.57,-1.0,-1.0,57.515,57.54,57.521,57.57,57.565,-1.0,57.585,-1.0,-1.0,-1.0,-1.0,57.555,57.54,-1.0,-1.0,-1.0,57.61,-1.0,-1.0,-1.0,57.59,-1.0,-1.0,-1.0,-1.0,57.634,-1.0,-1.0,57.575,-1.0,57.53,57.539,57.55,57.57,-1.0,-1.0,-1.0,-1.0,-1.0,-1.0,-1.0,-1.0,-1.0,-1.0,-1.0,-1.0,-1.0,-1.0,-1.0,-1.0,-1.0,-1.0,-1.0,-1.0,57.58,-1.0,-1.0,-1.0,-1.0,57.595,-1.0,-1.0,-1.0,57.61,57.59,-1.0,57.66,57.67,-1.0,-1.0,-1.0,-1.0,57.645,57.6,-1.0,-1.0,-1.0,-1.0,57.675,57.66,-1.0,57.7,-1.0,-1.0,57.8,-1.0,-1.0,-1.0,-1.0,57.87,-1.0,57.925,-1.0,57.9,-1.0,57.845,57.885,57.88,-1.0,-1.0,-1.0,57.725,57.727,57.74,-1.0,57.705,-1.0,57.625,-1.0,-1.0,57.67,57.645,-1.0,-1.0,57.667,-1.0,-1.0,57.69,57.695,-1.0,-1.0,57.7,57.712,-1.0,-1.0,-1.0,57.66,-1.0,-1.0,-1.0,-1.0,57.705,-1.0,57.737,-1.0,-1.0,57.73,57.72,57.663,-1.0,57.695,57.63,-1.0,57.545,57.535,57.602,57.67,57.7,-1.0,57.708,-1.0,57.733,57.718,57.705,57.698,57.602
2019-05-06,56.91,-1.0,-1.0,-1.0,57.15,-1.0,-1.0,-1.0,-1.0,56.95,56.968,-1.0,56.925,-1.0,-1.0,-1.0,-1.0,56.97,-1.0,56.88,56.893,56.926,56.94,-1.0,57.145,-1.0,57.375,57.33,-1.0,-1.0,57.31,57.338,-1.0,-1.0,57.32,-1.0,-1.0,57.405,-1.0,-1.0,57.46,-1.0,57.535,57.55,-1.0,-1.0,57.59,57.59,-1.0,-1.0,-1.0,57.57,57.547,-1.0,-1.0,57.544,57.545,57.595,57.473,57.467,57.44,57.43,57.402,57.372,57.355,57.394,57.45,57.44,57.465,57.433,57.472,57.5,-1.0,57.433,57.358,57.367,57.337,57.303,57.338,57.31,57.303,57.372,57.41,-1.0,-1.0,57.47,57.47,57.49,57.54,57.53,57.47,57.45,57.417,-1.0,-1.0,57.29,57.29,57.28,57.27,-1.0,57.195,-1.0,-1.0,57.19,-1.0,-1.0,-1.0,-1.0,57.37,-1.0,-1.0,57.493,-1.0,-1.0,-1.0,-1.0,-1.0,-1.0,-1.0,57.345,-1.0,-1.0,-1.0,57.278,-1.0,-1.0,57.37,-1.0,-1.0,-1.0,57.422,-1.0,57.45,-1.0,-1.0,57.38,-1.0,57.46,-1.0,-1.0,57.4,57.325,-1.0,-1.0,-1.0,-1.0,-1.0,-1.0,-1.0,-1.0,57.28,57.263,-1.0,-1.0,-1.0,57.2,-1.0,-1.0,-1.0,-1.0,-1.0,-1.0,-1.0,57.35,57.29,57.26,57.248,-1.0,57.25,-1.0,-1.0,-1.0,-1.0,-1.0,57.375,57.28,57.28,57.25,57.21,-1.0,-1.0,57.191,57.195,57.19,-1.0,57.16,-1.0,-1.0,57.22,57.22,-1.0,-1.0,-1.0,-1.0,-1.0,57.3,-1.0,57.36,57.369,57.37,57.389,57.415,57.44,-1.0,57.482,57.52,57.531,57.63,57.6,-1.0,57.44,57.365,57.325,57.3,57.297,-1.0,-1.0,-1.0,-1.0,-1.0,-1.0,-1.0,-1.0,-1.0,-1.0,-1.0,-1.0,-1.0,-1.0,-1.0,57.419,-1.0,-1.0,57.475,57.529,57.515,-1.0,57.44,-1.0,-1.0,57.435,-1.0,-1.0,57.385,-1.0,57.41,-1.0,-1.0,-1.0,57.46,-1.0,57.43,-1.0,57.5,-1.0,57.54,-1.0,57.525,-1.0,57.595,-1.0,-1.0,57.602,-1.0,57.655,-1.0,-1.0,-1.0,57.57,-1.0,-1.0,-1.0,-1.0,-1.0,-1.0,-1.0,-1.0,-1.0,57.48,-1.0,-1.0,-1.0,-1.0,-1.0,-1.0,-1.0,57.485,57.48,-1.0,57.468,-1.0,-1.0,-1.0,-1.0,57.47,-1.0,-1.0,57.525,-1.0,-1.0,-1.0,-1.0,57.485,57.465,57.505,-1.0,57.495,-1.0,-1.0,-1.0,-1.0,-1.0,57.55,-1.0,57.57,-1.0,-1.0,57.555,57.645,-1.0,-1.0,57.7,-1.0,57.702,-1.0,-1.0,-1.0,-1.0,-1.0,57.685,57.725,-1.0,-1.0,57.735,-1.0,-1.0,57.77,57.73,-1.0,57.72,-1.0,-1.0,-1.0,-1.0,-1.0,-1.0,57.7,-1.0,57.69,-1.0,-1.0,-1.0,57.675,-1.0,-1.0,-1.0,-1.0,-1.0,57.685,57.68,57.58,57.605,57.6,57.59,57.603,57.625,57.593,57.575,57.53,57.47,-1.0,57.413,-1.0,57.35,57.365,57.352,57.32,-1.0,57.305,57.337,57.44,57.472,57.5,57.49,-1.0,57.456,57.43,57.432,57.462,57.478
2019-05-07,-1.0,-1.0,-1.0,-1.0,-1.0,-1.0,-1.0,-1.0,-1.0,-1.0,-1.0,-1.0,-1.0,-1.0,56.745,-1.0,-1.0,-1.0,-1.0,56.295,-1.0,-1.0,-1.0,-1.0,-1.0,56.41,-1.0,-1.0,-1.0,-1.0,-1.0,-1.0,56.465,-1.0,-1.0,-1.0,56.465,-1.0,56.43,-1.0,-1.0,-1.0,-1.0,56.37,-1.0,-1.0,56.31,-1.0,-1.0,56.507,-1.0,56.565,56.52,-1.0,-1.0,-1.0,56.605,56.593,-1.0,-1.0,56.71,56.66,-1.0,-1.0,56.504,-1.0,-1.0,-1.0,56.39,56.39,-1.0,-1.0,56.42,-1.0,-1.0,-1.0,-1.0,56.458,-1.0,-1.0,56.305,-1.0,-1.0,56.29,-1.0,-1.0,-1.0,-1.0,56.295,-1.0,56.305,-1.0,-1.0,56.28,-1.0,-1.0,-1.0,-1.0,-1.0,-1.0,-1.0,-1.0,-1.0,-1.0,56.535,-1.0,56.55,56.555,56.515,56.5,56.39,56.411,56.485,-1.0,56.415,-1.0,-1.0,56.495,56.52,56.56,56.55,-1.0,56.549,-1.0,56.48,-1.0,-1.0,-1.0,-1.0,56.44,-1.0,56.54,-1.0,-1.0,-1.0,-1.0,-1.0,56.491,56.38,-1.0,56.377,-1.0,-1.0,-1.0,-1.0,-1.0,-1.0,-1.0,-1.0,-1.0,-1.0,-1.0,-1.0,-1.0,-1.0,-1.0,-1.0,56.42,-1.0,-1.0,-1.0,-1.0,56.56,56.515,-1.0,-1.0,-1.0,-1.0,-1.0,-1.0,-1.0,-1.0,56.51,56.54,-1.0,-1.0,56.5,-1.0,-1.0,-1.0,-1.0,-1.0,-1.0,-1.0,-1.0,-1.0,-1.0,-1.0,-1.0,-1.0,-1.0,-1.0,-1.0,56.67,-1.0,-1.0,-1.0,56.75,-1.0,-1.0,-1.0,-1.0,-1.0,-1.0,56.74,-1.0,-1.0,-1.0,-1.0,-1.0,-1.0,-1.0,-1.0,-1.0,-1.0,56.58,-1.0,-1.0,-1.0,-1.0,-1.0,56.49,-1.0,-1.0,-1.0,-1.0,-1.0,56.47,-1.0,-1.0,-1.0,-1.0,-1.0,-1.0,-1.0,-1.0,-1.0,-1.0,-1.0,-1.0,-1.0,-1.0,-1.0,-1.0,-1.0,-1.0,-1.0,-1.0,-1.0,-1.0,-1.0,-1.0,-1.0,-1.0,-1.0,-1.0,-1.0,56.35,-1.0,-1.0,-1.0,-1.0,-1.0,-1.0,-1.0,-1.0,-1.0,-1.0,-1.0,-1.0,56.415,-1.0,-1.0,-1.0,-1.0,-1.0,-1.0,-1.0,-1.0,-1.0,-1.0,-1.0,-1.0,-1.0,-1.0,-1.0,-1.0,-1.0,56.495,-1.0,-1.0,-1.0,-1.0,-1.0,-1.0,-1.0,-1.0,-1.0,-1.0,-1.0,56.49,-1.0,-1.0,-1.0,-1.0,-1.0,-1.0,-1.0,-1.0,-1.0,-1.0,-1.0,56.647,-1.0,56.62,-1.0,-1.0,-1.0,-1.0,-1.0,-1.0,-1.0,-1.0,-1.0,-1.0,56.801,-1.0,-1.0,-1.0,-1.0,56.86,-1.0,56.88,-1.0,-1.0,56.9,-1.0,-1.0,-1.0,-1.0,-1.0,-1.0,-1.0,-1.0,57.035,57.07,-1.0,57.055,56.99,-1.0,-1.0,-1.0,-1.0,56.87,-1.0,-1.0,56.82,56.77,-1.0,-1.0,-1.0,-1.0,-1.0,-1.0,56.63,-1.0,-1.0,56.52,-1.0,-1.0,-1.0,-1.0,-1.0,-1.0,-1.0,56.822,56.863,-1.0,56.89,56.933,56.911,56.96,-1.0,57.027,57.057,57.117,57.103,57.08,57.07,57.1
2019-05-08,-1.0,-1.0,-1.0,-1.0,-1.0,-1.0,-1.0,-1.0,-1.0,-1.0,-1.0,-1.0,-1.0,-1.0,-1.0,57.67,-1.0,-1.0,-1.0,-1.0,-1.0,-1.0,-1.0,57.4,-1.0,57.25,57.258,-1.0,-1.0,57.24,-1.0,-1.0,-1.0,-1.0,-1.0,-1.0,-1.0,-1.0,57.25,-1.0,57.25,-1.0,-1.0,-1.0,-1.0,-1.0,-1.0,-1.0,57.36,57.36,57.345,-1.0,57.315,57.315,-1.0,-1.0,57.37,-1.0,-1.0,-1.0,-1.0,-1.0,-1.0,-1.0,57.393,57.44,-1.0,-1.0,-1.0,57.464,-1.0,-1.0,-1.0,-1.0,-1.0,57.545,-1.0,-1.0,-1.0,-1.0,57.43,-1.0,-1.0,-1.0,57.3,57.25,57.28,-1.0,-1.0,57.2,57.32,57.39,-1.0,-1.0,-1.0,-1.0,-1.0,57.75,-1.0,-1.0,-1.0,-1.0,-1.0,-1.0,-1.0,57.62,-1.0,-1.0,57.715,57.702,-1.0,-1.0,57.69,57.695,-1.0,-1.0,57.697,57.665,-1.0,-1.0,57.66,-1.0,-1.0,57.525,57.505,57.6,-1.0,-1.0,-1.0,57.395,57.385,57.34,57.37,-1.0,-1.0,57.358,-1.0,57.334,-1.0,-1.0,-1.0,-1.0,-1.0,57.43,57.44,-1.0,57.52,-1.0,57.54,57.47,57.413,-1.0,57.34,-1.0,-1.0,-1.0,-1.0,-1.0,-1.0,-1.0,-1.0,-1.0,-1.0,-1.0,-1.0,-1.0,-1.0,-1.0,-1.0,57.385,-1.0,-1.0,-1.0,-1.0,-1.0,-1.0,-1.0,57.53,-1.0,-1.0,57.52,-1.0,57.53,-1.0,-1.0,-1.0,-1.0,-1.0,-1.0,-1.0,-1.0,57.5,-1.0,-1.0,-1.0,-1.0,-1.0,-1.0,-1.0,-1.0,-1.0,-1.0,-1.0,-1.0,-1.0,57.61,-1.0,-1.0,-1.0,-1.0,-1.0,-1.0,-1.0,-1.0,-1.0,-1.0,-1.0,-1.0,-1.0,-1.0,-1.0,-1.0,-1.0,-1.0,57.62,-1.0,57.59,-1.0,-1.0,-1.0,-1.0,-1.0,57.625,-1.0,-1.0,57.65,-1.0,-1.0,57.63,-1.0,-1.0,-1.0,-1.0,-1.0,-1.0,-1.0,-1.0,-1.0,-1.0,-1.0,-1.0,-1.0,-1.0,-1.0,-1.0,57.66,-1.0,57.615,-1.0,-1.0,-1.0,57.59,-1.0,-1.0,-1.0,-1.0,-1.0,-1.0,-1.0,-1.0,57.52,-1.0,-1.0,57.58,-1.0,-1.0,57.55,57.56,57.585,-1.0,-1.0,-1.0,-1.0,-1.0,-1.0,-1.0,-1.0,-1.0,-1.0,-1.0,-1.0,57.44,-1.0,-1.0,-1.0,57.52,57.492,57.519,57.53,-1.0,-1.0,-1.0,-1.0,-1.0,57.62,-1.0,-1.0,-1.0,57.58,-1.0,-1.0,-1.0,-1.0,-1.0,-1.0,57.493,-1.0,-1.0,-1.0,-1.0,57.405,-1.0,-1.0,-1.0,57.41,57.37,-1.0,-1.0,-1.0,-1.0,-1.0,57.39,-1.0,-1.0,-1.0,-1.0,-1.0,57.47,57.45,57.465,57.455,-1.0,-1.0,57.503,57.51,-1.0,-1.0,-1.0,57.453,-1.0,57.53,57.53,57.51,-1.0,-1.0,-1.0,57.49,57.53,57.53,-1.0,57.46,57.44,-1.0,-1.0,57.41,-1.0,-1.0,-1.0,57.45,-1.0,57.48,-1.0,-1.0,-1.0,-1.0,57.381,57.353,-1.0,57.36,57.311,57.265,57.238,-1.0,-1.0,-1.0,57.194,57.179,57.16,57.151,57.124
2019-05-09,-1.0,-1.0,-1.0,-1.0,-1.0,-1.0,-1.0,-1.0,-1.0,-1.0,-1.0,-1.0,-1.0,-1.0,-1.0,-1.0,-1.0,-1.0,-1.0,-1.0,56.955,56.791,-1.0,-1.0,-1.0,-1.0,-1.0,-1.0,-1.0,-1.0,-1.0,-1.0,-1.0,56.865,56.94,56.956,56.83,-1.0,-1.0,-1.0,-1.0,-1.0,-1.0,-1.0,-1.0,-1.0,-1.0,-1.0,-1.0,-1.0,-1.0,-1.0,-1.0,56.725,56.725,56.73,56.72,-1.0,-1.0,-1.0,-1.0,-1.0,-1.0,56.785,-1.0,-1.0,-1.0,-1.0,-1.0,-1.0,-1.0,-1.0,56.92,-1.0,-1.0,-1.0,-1.0,57.09,-1.0,-1.0,-1.0,-1.0,-1.0,57.142,57.113,57.071,56.999,57.045,-1.0,57.008,56.965,57.035,-1.0,57.023,-1.0,57.12,57.15,57.12,57.285,57.3,57.43,-1.0,-1.0,-1.0,-1.0,-1.0,57.508,57.511,57.472,-1.0,-1.0,-1.0,57.415,57.375,-1.0,-1.0,57.317,57.185,-1.0,57.19,57.205,-1.0,-1.0,57.225,57.233,-1.0,57.292,57.26,57.297,-1.0,-1.0,-1.0,57.33,-1.0,57.43,-1.0,-1.0,-1.0,-1.0,57.459,57.44,-1.0,57.395,-1.0,57.51,57.585,-1.0,-1.0,-1.0,57.46,-1.0,-1.0,57.48,57.457,-1.0,-1.0,-1.0,-1.0,-1.0,-1.0,57.57,-1.0,-1.0,-1.0,-1.0,57.53,-1.0,-1.0,57.65,-1.0,-1.0,-1.0,-1.0,-1.0,57.67,-1.0,-1.0,-1.0,-1.0,-1.0,-1.0,57.917,-1.0,-1.0,-1.0,-1.0,-1.0,-1.0,58.06,-1.0,-1.0,-1.0,-1.0,-1.0,-1.0,-1.0,-1.0,-1.0,-1.0,58.115,-1.0,-1.0,-1.0,58.15,-1.0,-1.0,-1.0,-1.0,-1.0,-1.0,-1.0,-1.0,-1.0,58.24,58.24,-1.0,58.06,-1.0,58.0,-1.0,-1.0,57.98,-1.0,-1.0,-1.0,-1.0,-1.0,-1.0,57.84,-1.0,57.803,-1.0,-1.0,-1.0,-1.0,-1.0,57.89,-1.0,-1.0,-1.0,-1.0,-1.0,-1.0,57.97,57.99,57.99,-1.0,-1.0,-1.0,-1.0,-1.0,57.97,-1.0,-1.0,57.98,-1.0,-1.0,-1.0,58.04,58.165,-1.0,-1.0,58.175,-1.0,-1.0,-1.0,-1.0,58.14,-1.0,-1.0,-1.0,58.16,58.155,-1.0,-1.0,-1.0,58.14,-1.0,-1.0,-1.0,-1.0,-1.0,58.17,-1.0,-1.0,-1.0,-1.0,-1.0,-1.0,-1.0,-1.0,-1.0,-1.0,-1.0,-1.0,-1.0,-1.0,-1.0,-1.0,-1.0,-1.0,-1.0,-1.0,58.285,58.27,-1.0,-1.0,-1.0,-1.0,58.28,-1.0,58.32,-1.0,-1.0,-1.0,-1.0,-1.0,-1.0,-1.0,-1.0,-1.0,-1.0,-1.0,-1.0,-1.0,-1.0,-1.0,-1.0,58.15,-1.0,-1.0,-1.0,-1.0,-1.0,-1.0,-1.0,57.9,-1.0,-1.0,57.88,-1.0,-1.0,57.9,-1.0,57.885,-1.0,-1.0,-1.0,-1.0,57.88,57.91,-1.0,-1.0,57.91,-1.0,57.93,57.955,57.945,-1.0,-1.0,58.07,-1.0,-1.0,-1.0,58.27,58.211,58.21,-1.0,58.29,58.3,58.3,-1.0,58.355,58.365,58.35,-1.0,-1.0,58.284,58.302,-1.0,58.237,58.272,58.265,58.27,-1.0,58.35,58.38,58.356,-1.0,58.431
2019-05-10,57.41,-1.0,-1.0,57.28,57.339,57.095,-1.0,57.017,57.094,-1.0,57.266,57.267,-1.0,57.195,57.037,57.05,57.017,57.068,57.078,57.033,56.966,56.877,56.825,-1.0,-1.0,56.78,56.78,56.897,-1.0,56.932,56.889,56.79,56.711,-1.0,-1.0,-1.0,56.241,56.195,-1.0,56.19,56.22,56.306,56.295,56.295,56.29,56.176,56.069,56.05,56.117,56.085,55.97,56.025,56.02,55.983,56.035,56.053,56.16,-1.0,56.28,56.254,56.175,56.06,56.04,56.0,56.025,56.015,55.875,55.745,-1.0,55.666,55.749,-1.0,55.73,55.7,55.743,55.854,-1.0,55.925,55.937,55.91,55.943,55.928,55.975,-1.0,55.899,55.925,56.06,55.976,55.936,55.865,55.864,55.82,55.85,-1.0,55.79,-1.0,-1.0,56.01,-1.0,-1.0,-1.0,55.948,-1.0,-1.0,56.037,-1.0,-1.0,56.083,-1.0,-1.0,-1.0,-1.0,56.288,56.247,56.187,56.25,56.27,-1.0,-1.0,-1.0,56.19,56.165,56.165,56.165,-1.0,-1.0,56.195,-1.0,56.325,-1.0,56.25,-1.0,56.26,-1.0,56.16,-1.0,56.165,-1.0,-1.0,56.127,-1.0,-1.0,-1.0,-1.0,-1.0,56.36,56.25,-1.0,56.335,56.33,-1.0,-1.0,-1.0,-1.0,56.304,56.285,56.27,56.225,-1.0,-1.0,56.28,-1.0,-1.0,56.46,56.39,-1.0,-1.0,-1.0,-1.0,-1.0,-1.0,56.51,56.455,56.51,-1.0,-1.0,-1.0,-1.0,56.58,-1.0,-1.0,-1.0,-1.0,56.615,-1.0,-1.0,-1.0,-1.0,-1.0,56.66,-1.0,-1.0,56.62,-1.0,-1.0,56.65,-1.0,56.56,-1.0,-1.0,56.503,56.602,-1.0,-1.0,-1.0,56.755,-1.0,-1.0,-1.0,-1.0,-1.0,56.845,-1.0,-1.0,-1.0,-1.0,56.84,-1.0,56.83,-1.0,56.79,-1.0,-1.0,-1.0,-1.0,-1.0,56.703,-1.0,56.935,-1.0,-1.0,-1.0,57.065,57.04,-1.0,56.955,-1.0,57.015,-1.0,-1.0,56.97,-1.0,56.955,56.96,57.01,-1.0,-1.0,-1.0,-1.0,56.905,56.91,-1.0,56.94,56.96,56.965,-1.0,56.995,-1.0,57.112,57.135,-1.0,-1.0,57.19,-1.0,57.21,-1.0,57.15,57.12,57.16,-1.0,57.25,57.247,57.257,57.27,-1.0,-1.0,-1.0,-1.0,-1.0,-1.0,57.23,-1.0,-1.0,57.27,-1.0,57.19,-1.0,-1.0,57.14,-1.0,-1.0,57.13,-1.0,-1.0,-1.0,-1.0,-1.0,-1.0,-1.0,-1.0,56.96,57.115,-1.0,57.07,-1.0,-1.0,56.967,-1.0,-1.0,57.05,-1.0,57.04,-1.0,-1.0,-1.0,57.0,57.03,-1.0,-1.0,-1.0,-1.0,57.145,-1.0,57.24,57.22,57.2,-1.0,57.18,-1.0,57.19,57.19,57.25,-1.0,-1.0,-1.0,-1.0,57.315,-1.0,-1.0,-1.0,-1.0,-1.0,57.28,57.26,57.35,57.37,-1.0,57.4,57.422,-1.0,-1.0,-1.0,57.455,-1.0,-1.0,57.57,-1.0,57.56,-1.0,-1.0,-1.0,57.557,-1.0,-1.0,57.45,57.38,57.439,-1.0,57.433,-1.0,57.355,-1.0,57.36,-1.0,57.32,57.33,57.37,57.445,57.38,57.288,-1.0,57.31,57.337,57.413,57.383,57.354,57.365,57.36,57.388,57.472
2019-05-13,-1.0,-1.0,-1.0,-1.0,-1.0,-1.0,-1.0,-1.0,-1.0,-1.0,56.98,-1.0,-1.0,-1.0,-1.0,56.81,-1.0,-1.0,57.165,57.18,-1.0,-1.0,-1.0,-1.0,-1.0,-1.0,-1.0,56.715,56.565,56.7,-1.0,-1.0,-1.0,-1.0,56.66,-1.0,56.635,56.595,56.61,-1.0,-1.0,56.515,56.48,-1.0,56.5,56.455,56.5,56.565,-1.0,56.595,56.545,-1.0,56.45,56.47,-1.0,-1.0,56.495,-1.0,56.515,56.505,56.47,-1.0,56.515,-1.0,56.505,56.505,-1.0,56.597,-1.0,56.625,56.67,-1.0,56.705,56.82,56.78,56.77,56.795,56.71,56.695,56.625,56.55,-1.0,-1.0,-1.0,-1.0,56.57,-1.0,-1.0,-1.0,56.61,56.745,-1.0,56.495,-1.0,-1.0,-1.0,-1.0,-1.0,56.52,-1.0,-1.0,56.41,-1.0,-1.0,-1.0,-1.0,56.27,-1.0,-1.0,-1.0,-1.0,-1.0,-1.0,-1.0,56.38,56.36,-1.0,-1.0,56.305,-1.0,-1.0,-1.0,-1.0,-1.0,-1.0,-1.0,-1.0,-1.0,56.24,-1.0,56.26,56.24,-1.0,-1.0,-1.0,-1.0,-1.0,-1.0,-1.0,-1.0,-1.0,-1.0,-1.0,-1.0,-1.0,56.01,56.08,-1.0,-1.0,-1.0,-1.0,56.22,-1.0,-1.0,-1.0,-1.0,56.105,-1.0,-1.0,-1.0,56.079,-1.0,-1.0,56.155,-1.0,56.1,-1.0,-1.0,-1.0,-1.0,-1.0,-1.0,-1.0,-1.0,56.13,-1.0,-1.0,56.085,-1.0,-1.0,-1.0,-1.0,-1.0,-1.0,-1.0,-1.0,-1.0,56.21,-1.0,-1.0,-1.0,56.14,-1.0,-1.0,-1.0,56.135,-1.0,56.16,-1.0,-1.0,56.245,-1.0,-1.0,-1.0,56.23,56.1,-1.0,-1.0,-1.0,-1.0,-1.0,56.142,-1.0,56.135,-1.0,56.105,-1.0,-1.0,56.185,-1.0,-1.0,-1.0,-1.0,-1.0,56.22,-1.0,-1.0,-1.0,-1.0,-1.0,-1.0,-1.0,-1.0,-1.0,-1.0,-1.0,56.376,-1.0,-1.0,-1.0,-1.0,-1.0,-1.0,56.345,56.325,-1.0,-1.0,-1.0,-1.0,56.455,-1.0,-1.0,56.476,-1.0,56.43,-1.0,-1.0,-1.0,-1.0,-1.0,-1.0,-1.0,56.53,56.509,-1.0,56.56,-1.0,-1.0,-1.0,-1.0,-1.0,-1.0,-1.0,56.64,-1.0,-1.0,-1.0,-1.0,56.72,56.692,56.67,-1.0,56.55,-1.0,-1.0,56.53,56.48,-1.0,-1.0,-1.0,56.565,-1.0,56.585,56.62,56.59,56.807,56.75,56.865,-1.0,56.798,-1.0,-1.0,56.82,-1.0,-1.0,-1.0,56.835,56.83,-1.0,56.865,56.841,-1.0,-1.0,56.745,-1.0,-1.0,-1.0,-1.0,-1.0,56.94,56.94,56.97,-1.0,-1.0,-1.0,57.02,-1.0,-1.0,57.095,57.07,57.1,-1.0,-1.0,-1.0,-1.0,-1.0,-1.0,-1.0,57.005,56.94,-1.0,56.93,-1.0,56.92,56.875,56.89,-1.0,-1.0,-1.0,56.86,56.86,56.88,56.83,56.855,56.84,56.75,-1.0,56.69,56.77,56.705,56.69,-1.0,56.648,56.59,-1.0,-1.0,56.57,56.575,56.59,56.59,-1.0,-1.0,56.62,56.655,-1.0,56.698,56.75,56.75,-1.0,-1.0,-1.0,56.82,-1.0,56.778,56.8,56.86,56.838,56.862,56.886,56.895
2019-05-14,-1.0,-1.0,-1.0,-1.0,-1.0,57.83,-1.0,57.83,-1.0,-1.0,-1.0,57.765,-1.0,-1.0,-1.0,-1.0,-1.0,-1.0,-1.0,-1.0,57.71,-1.0,-1.0,57.78,-1.0,-1.0,-1.0,-1.0,-1.0,-1.0,58.03,58.07,-1.0,-1.0,-1.0,58.005,57.975,-1.0,-1.0,-1.0,-1.0,-1.0,58.11,58.02,58.0,58.09,-1.0,58.165,58.233,-1.0,58.34,58.37,-1.0,-1.0,58.415,-1.0,58.405,58.49,-1.0,-1.0,-1.0,-1.0,-1.0,-1.0,58.626,58.52,58.51,-1.0,58.5,58.54,-1.0,58.575,-1.0,58.61,-1.0,-1.0,-1.0,-1.0,58.35,58.341,58.29,-1.0,-1.0,-1.0,58.33,58.28,58.285,-1.0,58.345,-1.0,58.425,-1.0,58.511,-1.0,-1.0,-1.0,-1.0,58.73,58.735,58.685,-1.0,-1.0,-1.0,58.745,-1.0,-1.0,58.8,-1.0,58.88,58.88,-1.0,58.79,-1.0,-1.0,-1.0,-1.0,58.903,-1.0,58.862,58.875,58.86,-1.0,-1.0,-1.0,-1.0,-1.0,-1.0,-1.0,58.95,-1.0,58.85,-1.0,-1.0,-1.0,-1.0,-1.0,-1.0,-1.0,-1.0,58.97,58.89,-1.0,-1.0,-1.0,-1.0,58.99,59.045,-1.0,-1.0,-1.0,-1.0,58.96,58.93,-1.0,-1.0,59.017,59.045,59.045,59.01,-1.0,-1.0,59.011,-1.0,-1.0,58.905,-1.0,-1.0,-1.0,58.767,-1.0,58.72,58.755,58.79,-1.0,-1.0,-1.0,-1.0,-1.0,-1.0,58.73,-1.0,58.82,-1.0,-1.0,-1.0,-1.0,58.938,-1.0,-1.0,-1.0,58.97,-1.0,-1.0,59.045,-1.0,59.08,-1.0,-1.0,-1.0,-1.0,59.27,59.311,-1.0,-1.0,-1.0,59.35,59.33,-1.0,-1.0,-1.0,-1.0,-1.0,-1.0,-1.0,-1.0,-1.0,59.2,-1.0,59.25,-1.0,-1.0,59.36,59.36,59.437,-1.0,59.43,-1.0,-1.0,-1.0,59.43,-1.0,-1.0,59.35,-1.0,-1.0,59.417,-1.0,-1.0,59.37,-1.0,-1.0,-1.0,-1.0,-1.0,-1.0,-1.0,-1.0,59.417,59.46,-1.0,-1.0,-1.0,59.36,59.35,-1.0,59.38,59.335,59.347,-1.0,-1.0,-1.0,-1.0,59.42,-1.0,59.45,59.47,59.48,-1.0,59.58,-1.0,-1.0,59.51,-1.0,59.44,-1.0,-1.0,59.42,-1.0,-1.0,59.43,-1.0,-1.0,-1.0,59.46,-1.0,-1.0,-1.0,-1.0,-1.0,-1.0,-1.0,-1.0,59.58,-1.0,59.6,59.635,-1.0,59.555,-1.0,59.527,59.576,-1.0,59.49,-1.0,-1.0,59.388,-1.0,59.44,-1.0,-1.0,-1.0,-1.0,59.52,-1.0,-1.0,59.52,-1.0,-1.0,-1.0,-1.0,59.3,59.26,-1.0,-1.0,59.26,59.29,-1.0,59.315,-1.0,-1.0,-1.0,59.34,-1.0,59.29,59.318,-1.0,-1.0,-1.0,-1.0,-1.0,-1.0,59.42,59.41,59.365,59.33,-1.0,-1.0,-1.0,-1.0,-1.0,-1.0,59.35,-1.0,-1.0,59.21,59.183,-1.0,59.24,-1.0,59.23,-1.0,-1.0,59.13,-1.0,-1.0,-1.0,-1.0,-1.0,58.945,58.945,58.929,58.904,58.94,58.995,58.985,58.959,58.93,58.978,59.015,59.05,59.075,59.046,59.038,58.992,58.935,59.049,58.877,58.85,58.871,58.821
2019-05-15,-1.0,-1.0,-1.0,-1.0,58.02,57.97,-1.0,-1.0,-1.0,-1.0,-1.0,-1.0,-1.0,-1.0,-1.0,-1.0,-1.0,-1.0,-1.0,-1.0,-1.0,-1.0,-1.0,-1.0,-1.0,-1.0,-1.0,-1.0,58.295,-1.0,-1.0,-1.0,-1.0,-1.0,58.19,-1.0,-1.0,-1.0,58.265,-1.0,-1.0,-1.0,58.455,58.41,-1.0,58.69,-1.0,-1.0,58.6,58.61,58.555,-1.0,-1.0,-1.0,58.45,-1.0,58.54,-1.0,-1.0,-1.0,58.517,58.56,58.635,58.678,58.69,-1.0,58.56,58.57,-1.0,58.575,-1.0,58.66,58.54,-1.0,-1.0,-1.0,-1.0,-1.0,-1.0,58.535,-1.0,-1.0,-1.0,-1.0,58.595,-1.0,58.53,-1.0,58.51,-1.0,-1.0,-1.0,-1.0,-1.0,-1.0,58.274,58.31,58.311,58.24,58.285,58.422,58.587,58.638,58.65,-1.0,-1.0,58.495,-1.0,58.43,58.515,-1.0,-1.0,-1.0,-1.0,-1.0,-1.0,58.585,-1.0,58.6,-1.0,-1.0,58.47,58.532,-1.0,58.535,-1.0,58.55,58.465,-1.0,-1.0,-1.0,58.447,58.484,58.493,58.55,-1.0,58.595,-1.0,58.486,-1.0,-1.0,58.47,58.483,58.557,58.45,-1.0,-1.0,-1.0,-1.0,-1.0,58.487,-1.0,-1.0,58.497,58.505,-1.0,-1.0,58.52,-1.0,-1.0,58.56,-1.0,-1.0,-1.0,-1.0,-1.0,-1.0,-1.0,-1.0,58.395,-1.0,58.38,58.365,58.335,-1.0,-1.0,58.161,58.215,58.235,-1.0,58.23,-1.0,58.22,-1.0,58.2,58.22,58.195,-1.0,58.155,-1.0,58.11,-1.0,-1.0,-1.0,58.077,-1.0,-1.0,-1.0,-1.0,-1.0,58.095,58.04,58.01,-1.0,58.045,58.05,-1.0,-1.0,-1.0,58.0,57.97,-1.0,-1.0,-1.0,57.99,-1.0,-1.0,-1.0,-1.0,-1.0,-1.0,-1.0,57.93,-1.0,-1.0,57.843,57.771,57.716,57.66,57.663,57.765,57.79,-1.0,-1.0,57.735,57.71,-1.0,57.79,-1.0,-1.0,57.85,57.882,-1.0,57.92,57.91,57.93,-1.0,-1.0,-1.0,57.959,-1.0,-1.0,-1.0,-1.0,-1.0,-1.0,-1.0,-1.0,-1.0,-1.0,-1.0,-1.0,-1.0,57.818,-1.0,57.815,-1.0,57.695,57.68,57.744,57.79,-1.0,57.841,57.873,-1.0,-1.0,57.992,57.9,57.816,-1.0,-1.0,-1.0,-1.0,57.493,57.279,57.343,57.543,57.54,-1.0,57.583,57.614,57.68,-1.0,57.775,57.79,57.792,57.76,57.75,57.712,57.7,57.725,-1.0,57.625,57.61,-1.0,-1.0,-1.0,-1.0,57.57,57.559,57.568,57.537,57.52,57.517,57.49,57.48,57.475,57.475,57.653,57.75,57.73,57.73,57.735,57.765,57.701,57.67,57.665,-1.0,57.704,57.66,57.722,57.72,57.74,57.712,57.733,-1.0,57.803,57.803,57.806,57.796,57.797,57.748,-1.0,57.82,57.834,57.892,57.86,-1.0,57.92,57.887,57.938,57.947,57.89,57.9,57.903,57.885,57.84,57.865,57.91,57.915,57.953,-1.0,57.94,57.89,57.901,57.91,57.884,57.891,57.947,57.95,57.977,57.985,58.009,58.031,58.03,57.983,57.988,57.977,57.96,57.95,57.946,57.94,57.939,57.952,57.962,57.886,57.869,57.902,57.873,57.916
2019-05-16,58.185,-1.0,-1.0,58.23,-1.0,-1.0,58.06,58.07,-1.0,-1.0,-1.0,-1.0,57.93,57.79,-1.0,57.644,-1.0,57.362,57.36,57.43,57.43,-1.0,57.69,57.83,-1.0,57.86,-1.0,-1.0,58.005,-1.0,-1.0,58.05,58.02,-1.0,57.96,57.935,-1.0,-1.0,58.13,-1.0,-1.0,58.0,-1.0,57.93,57.985,58.03,58.09,-1.0,58.015,-1.0,58.165,58.17,58.13,58.144,58.165,-1.0,58.0,-1.0,58.041,-1.0,58.11,-1.0,-1.0,57.977,-1.0,58.04,-1.0,-1.0,-1.0,-1.0,-1.0,58.189,-1.0,58.27,58.231,-1.0,58.06,-1.0,58.16,-1.0,-1.0,-1.0,-1.0,58.155,-1.0,-1.0,-1.0,-1.0,-1.0,-1.0,-1.0,-1.0,-1.0,58.09,58.025,58.01,58.0,58.015,57.915,-1.0,57.946,57.98,-1.0,-1.0,-1.0,-1.0,58.1,58.03,58.07,58.11,58.155,-1.0,58.2,-1.0,-1.0,58.2,-1.0,-1.0,58.2,-1.0,-1.0,-1.0,-1.0,-1.0,-1.0,-1.0,-1.0,-1.0,58.09,58.03,-1.0,-1.0,58.01,-1.0,57.96,57.955,-1.0,-1.0,-1.0,-1.0,-1.0,-1.0,57.915,-1.0,-1.0,57.98,58.03,-1.0,-1.0,-1.0,-1.0,57.97,-1.0,-1.0,-1.0,-1.0,-1.0,57.985,-1.0,-1.0,-1.0,-1.0,-1.0,57.97,-1.0,-1.0,-1.0,-1.0,-1.0,-1.0,57.96,-1.0,-1.0,-1.0,-1.0,-1.0,-1.0,-1.0,-1.0,-1.0,-1.0,-1.0,-1.0,-1.0,58.01,-1.0,-1.0,-1.0,-1.0,-1.0,-1.0,-1.0,-1.0,-1.0,-1.0,57.87,-1.0,-1.0,-1.0,-1.0,-1.0,57.83,-1.0,-1.0,-1.0,-1.0,-1.0,-1.0,-1.0,-1.0,-1.0,57.875,-1.0,-1.0,-1.0,-1.0,-1.0,-1.0,-1.0,-1.0,57.83,-1.0,-1.0,57.845,-1.0,-1.0,-1.0,-1.0,-1.0,-1.0,-1.0,-1.0,-1.0,-1.0,-1.0,57.89,57.87,-1.0,-1.0,-1.0,-1.0,57.86,-1.0,-1.0,-1.0,-1.0,-1.0,-1.0,-1.0,-1.0,-1.0,-1.0,-1.0,-1.0,-1.0,57.885,-1.0,-1.0,-1.0,-1.0,-1.0,-1.0,-1.0,-1.0,-1.0,-1.0,-1.0,-1.0,-1.0,-1.0,-1.0,-1.0,-1.0,-1.0,-1.0,-1.0,-1.0,-1.0,-1.0,-1.0,-1.0,-1.0,-1.0,-1.0,-1.0,57.895,57.892,-1.0,-1.0,-1.0,-1.0,57.985,-1.0,-1.0,-1.0,-1.0,-1.0,-1.0,-1.0,-1.0,58.02,-1.0,-1.0,-1.0,58.05,58.045,58.02,-1.0,-1.0,-1.0,-1.0,-1.0,-1.0,-1.0,58.145,-1.0,-1.0,-1.0,-1.0,-1.0,-1.0,-1.0,-1.0,-1.0,-1.0,-1.0,-1.0,-1.0,58.13,-1.0,-1.0,-1.0,58.218,-1.0,-1.0,58.28,58.345,58.34,58.23,-1.0,58.175,58.18,-1.0,58.088,-1.0,-1.0,-1.0,-1.0,-1.0,-1.0,-1.0,-1.0,-1.0,-1.0,57.974,58.03,-1.0,-1.0,-1.0,-1.0,-1.0,57.98,57.96,57.972,58.03,57.986,57.985,-1.0,-1.0,-1.0,-1.0,57.89,-1.0,-1.0,57.87,-1.0,-1.0,57.972,58.013,-1.0,58.083,58.075,58.05,58.05,58.06,-1.0,57.99,-1.0,58.052,58.066
2019-05-17,57.455,-1.0,-1.0,-1.0,-1.0,-1.0,57.565,-1.0,-1.0,-1.0,-1.0,-1.0,-1.0,-1.0,-1.0,-1.0,-1.0,-1.0,-1.0,-1.0,56.976,56.946,56.89,56.9,-1.0,56.81,-1.0,-1.0,-1.0,56.995,-1.0,-1.0,-1.0,-1.0,-1.0,57.22,-1.0,-1.0,-1.0,-1.0,57.35,-1.0,-1.0,-1.0,-1.0,57.165,-1.0,-1.0,-1.0,-1.0,57.475,57.468,57.523,-1.0,-1.0,57.5,57.511,57.51,-1.0,57.51,57.45,-1.0,57.422,-1.0,-1.0,-1.0,-1.0,57.41,-1.0,-1.0,-1.0,-1.0,-1.0,57.342,-1.0,-1.0,-1.0,-1.0,-1.0,-1.0,-1.0,-1.0,-1.0,-1.0,-1.0,57.418,57.508,-1.0,-1.0,-1.0,57.55,-1.0,57.525,57.466,57.495,57.5,-1.0,57.635,-1.0,-1.0,57.54,-1.0,-1.0,57.54,-1.0,-1.0,-1.0,57.486,57.56,-1.0,-1.0,-1.0,-1.0,-1.0,-1.0,-1.0,-1.0,-1.0,-1.0,-1.0,-1.0,-1.0,-1.0,-1.0,-1.0,-1.0,-1.0,-1.0,-1.0,-1.0,-1.0,-1.0,-1.0,-1.0,-1.0,57.385,57.468,-1.0,-1.0,-1.0,-1.0,-1.0,-1.0,-1.0,-1.0,57.54,57.56,57.55,-1.0,-1.0,-1.0,-1.0,-1.0,-1.0,-1.0,-1.0,-1.0,-1.0,-1.0,-1.0,-1.0,-1.0,-1.0,-1.0,-1.0,57.3,-1.0,-1.0,-1.0,-1.0,-1.0,-1.0,-1.0,-1.0,-1.0,-1.0,-1.0,-1.0,-1.0,-1.0,-1.0,-1.0,-1.0,-1.0,-1.0,-1.0,-1.0,-1.0,-1.0,-1.0,-1.0,57.23,-1.0,-1.0,-1.0,57.345,-1.0,-1.0,57.341,-1.0,57.35,57.3,-1.0,57.29,-1.0,57.355,-1.0,-1.0,-1.0,-1.0,57.225,-1.0,57.065,-1.0,56.955,56.978,-1.0,-1.0,57.005,56.983,-1.0,56.955,-1.0,-1.0,-1.0,57.0,-1.0,-1.0,-1.0,-1.0,-1.0,-1.0,-1.0,-1.0,57.01,-1.0,-1.0,-1.0,-1.0,57.05,-1.0,-1.0,-1.0,-1.0,-1.0,-1.0,-1.0,-1.0,-1.0,-1.0,56.95,56.93,56.83,56.742,-1.0,56.64,-1.0,56.585,56.6,-1.0,-1.0,-1.0,-1.0,-1.0,56.425,-1.0,56.355,56.415,-1.0,-1.0,-1.0,-1.0,-1.0,-1.0,56.395,-1.0,-1.0,-1.0,56.282,56.255,56.267,-1.0,56.34,-1.0,56.345,-1.0,-1.0,-1.0,-1.0,56.115,-1.0,56.098,56.12,-1.0,-1.0,-1.0,-1.0,55.863,55.82,55.845,-1.0,-1.0,55.76,55.747,-1.0,55.662,-1.0,55.661,-1.0,-1.0,-1.0,-1.0,55.575,-1.0,-1.0,55.49,-1.0,55.595,-1.0,-1.0,55.7,55.623,55.695,-1.0,55.735,55.705,-1.0,-1.0,55.72,55.725,-1.0,55.708,55.565,-1.0,55.585,-1.0,55.55,55.53,-1.0,55.415,-1.0,55.255,-1.0,55.237,55.26,55.25,55.206,-1.0,55.175,55.135,55.103,-1.0,-1.0,55.2,55.19,55.18,-1.0,55.19,55.265,55.32,55.305,55.28,55.41,55.37,55.459,-1.0,-1.0,55.657,55.64,-1.0,-1.0,55.502,55.54,55.625,-1.0,55.61,55.605,-1.0,55.53,55.52,55.55,55.57,55.53,55.544,55.565,55.564,55.583,55.516,55.47,55.476
2019-05-20,-1.0,-1.0,-1.0,-1.0,-1.0,-1.0,-1.0,-1.0,-1.0,55.215,-1.0,-1.0,55.29,-1.0,55.38,55.405,55.483,-1.0,-1.0,-1.0,-1.0,55.21,-1.0,-1.0,55.1,-1.0,55.23,55.32,-1.0,-1.0,-1.0,55.39,-1.0,55.367,55.35,55.373,55.407,55.47,55.465,-1.0,55.52,55.5,55.65,55.7,55.683,55.59,-1.0,55.44,55.395,-1.0,55.44,55.385,-1.0,55.375,-1.0,55.3,55.352,-1.0,-1.0,-1.0,55.284,55.2,55.154,55.195,55.217,55.33,-1.0,55.215,-1.0,-1.0,55.22,-1.0,-1.0,-1.0,-1.0,55.154,-1.0,55.033,54.999,54.995,54.96,-1.0,55.01,-1.0,-1.0,-1.0,-1.0,-1.0,-1.0,55.11,-1.0,-1.0,55.01,-1.0,55.03,-1.0,54.977,54.93,-1.0,-1.0,-1.0,-1.0,-1.0,-1.0,-1.0,-1.0,-1.0,-1.0,-1.0,54.93,54.92,54.932,-1.0,54.937,54.97,-1.0,-1.0,-1.0,-1.0,-1.0,-1.0,-1.0,-1.0,-1.0,-1.0,55.075,-1.0,-1.0,-1.0,-1.0,55.08,-1.0,-1.0,55.15,-1.0,55.27,55.269,55.23,55.195,-1.0,-1.0,55.265,-1.0,55.23,-1.0,55.255,55.252,55.27,-1.0,55.33,-1.0,-1.0,-1.0,-1.0,55.32,-1.0,-1.0,-1.0,55.24,-1.0,-1.0,-1.0,55.16,-1.0,-1.0,-1.0,-1.0,-1.0,-1.0,-1.0,-1.0,-1.0,-1.0,-1.0,55.21,55.21,-1.0,55.18,-1.0,55.13,-1.0,-1.0,55.115,-1.0,-1.0,-1.0,55.215,-1.0,-1.0,-1.0,-1.0,-1.0,-1.0,-1.0,-1.0,-1.0,-1.0,-1.0,-1.0,-1.0,-1.0,-1.0,-1.0,-1.0,-1.0,-1.0,-1.0,55.08,-1.0,55.08,-1.0,-1.0,-1.0,-1.0,-1.0,-1.0,-1.0,-1.0,-1.0,-1.0,-1.0,-1.0,55.165,-1.0,-1.0,-1.0,55.17,-1.0,55.155,55.152,-1.0,-1.0,55.04,-1.0,55.07,-1.0,-1.0,-1.0,-1.0,-1.0,-1.0,55.19,55.16,-1.0,-1.0,-1.0,-1.0,55.14,-1.0,55.12,-1.0,-1.0,-1.0,-1.0,-1.0,-1.0,-1.0,-1.0,-1.0,55.31,-1.0,-1.0,-1.0,-1.0,55.184,55.2,-1.0,-1.0,55.175,55.155,-1.0,-1.0,-1.0,-1.0,-1.0,-1.0,-1.0,-1.0,-1.0,-1.0,-1.0,55.07,-1.0,-1.0,55.087,-1.0,55.1,-1.0,-1.0,-1.0,-1.0,-1.0,-1.0,-1.0,-1.0,-1.0,-1.0,55.16,-1.0,-1.0,55.178,-1.0,-1.0,55.17,-1.0,-1.0,55.112,55.105,-1.0,-1.0,55.12,-1.0,-1.0,-1.0,-1.0,-1.0,-1.0,-1.0,55.09,-1.0,-1.0,-1.0,-1.0,55.16,-1.0,-1.0,-1.0,-1.0,-1.0,-1.0,-1.0,55.155,-1.0,-1.0,55.11,-1.0,-1.0,-1.0,-1.0,-1.0,-1.0,-1.0,55.005,-1.0,54.955,54.95,-1.0,55.03,54.985,54.99,54.972,55.123,55.09,-1.0,55.04,55.038,55.015,55.0,55.0,55.055,55.062,-1.0,-1.0,55.049,55.025,-1.0,55.09,55.105,55.1,55.08,55.055,55.085,55.071,-1.0,55.065,55.068,55.051,-1.0,-1.0,55.05,-1.0,55.08,-1.0,55.165,-1.0,55.096,55.035,55.045,55.007,55.01
2019-05-21,-1.0,-1.0,-1.0,-1.0,-1.0,-1.0,-1.0,-1.0,-1.0,-1.0,-1.0,55.255,-1.0,-1.0,-1.0,-1.0,-1.0,55.475,55.48,-1.0,55.432,-1.0,55.48,-1.0,-1.0,-1.0,-1.0,-1.0,-1.0,55.57,-1.0,-1.0,-1.0,-1.0,-1.0,-1.0,-1.0,55.652,55.676,55.616,-1.0,55.695,55.688,55.617,-1.0,55.525,-1.0,55.55,55.57,-1.0,-1.0,-1.0,55.59,55.595,-1.0,55.67,-1.0,-1.0,-1.0,-1.0,55.695,-1.0,55.74,55.759,55.795,55.8,55.755,-1.0,55.81,-1.0,55.83,-1.0,-1.0,55.89,55.88,-1.0,55.925,55.895,-1.0,-1.0,-1.0,55.94,55.94,55.87,55.965,-1.0,55.916,-1.0,-1.0,55.92,56.025,56.0,55.965,-1.0,55.965,-1.0,-1.0,-1.0,56.05,-1.0,-1.0,56.1,-1.0,-1.0,56.05,55.946,-1.0,-1.0,-1.0,-1.0,-1.0,-1.0,-1.0,56.06,-1.0,-1.0,-1.0,56.11,-1.0,-1.0,-1.0,-1.0,-1.0,-1.0,56.055,-1.0,-1.0,-1.0,-1.0,-1.0,-1.0,-1.0,-1.0,-1.0,-1.0,-1.0,-1.0,-1.0,-1.0,-1.0,-1.0,55.79,-1.0,55.7,-1.0,-1.0,-1.0,-1.0,-1.0,-1.0,55.74,55.72,55.685,-1.0,55.675,-1.0,-1.0,55.68,55.68,-1.0,-1.0,-1.0,-1.0,-1.0,-1.0,-1.0,-1.0,55.705,-1.0,-1.0,-1.0,-1.0,-1.0,-1.0,55.64,-1.0,-1.0,55.63,55.68,-1.0,-1.0,-1.0,-1.0,-1.0,-1.0,-1.0,55.72,-1.0,-1.0,-1.0,-1.0,-1.0,-1.0,-1.0,-1.0,-1.0,-1.0,-1.0,-1.0,55.72,55.775,-1.0,-1.0,-1.0,-1.0,-1.0,-1.0,-1.0,-1.0,-1.0,-1.0,-1.0,-1.0,-1.0,-1.0,55.77,-1.0,-1.0,-1.0,-1.0,55.78,-1.0,-1.0,55.77,-1.0,-1.0,-1.0,-1.0,-1.0,-1.0,-1.0,-1.0,-1.0,55.749,-1.0,-1.0,-1.0,55.68,-1.0,-1.0,-1.0,-1.0,-1.0,55.79,-1.0,-1.0,-1.0,-1.0,-1.0,-1.0,-1.0,55.8,-1.0,-1.0,-1.0,55.77,-1.0,55.75,-1.0,-1.0,-1.0,-1.0,-1.0,-1.0,55.675,-1.0,-1.0,-1.0,-1.0,55.62,-1.0,-1.0,55.615,-1.0,-1.0,-1.0,-1.0,-1.0,-1.0,-1.0,55.71,-1.0,-1.0,-1.0,-1.0,55.735,55.675,-1.0,-1.0,-1.0,-1.0,-1.0,-1.0,-1.0,-1.0,-1.0,-1.0,55.7,-1.0,55.715,-1.0,-1.0,-1.0,-1.0,55.695,-1.0,-1.0,-1.0,-1.0,-1.0,-1.0,-1.0,-1.0,-1.0,-1.0,-1.0,-1.0,-1.0,-1.0,-1.0,-1.0,-1.0,-1.0,-1.0,-1.0,55.665,-1.0,-1.0,55.62,-1.0,-1.0,-1.0,-1.0,-1.0,55.605,55.6,-1.0,-1.0,-1.0,55.56,-1.0,-1.0,-1.0,-1.0,-1.0,-1.0,55.47,-1.0,-1.0,-1.0,-1.0,55.44,-1.0,-1.0,55.41,-1.0,55.408,-1.0,-1.0,55.48,-1.0,-1.0,-1.0,-1.0,-1.0,-1.0,-1.0,55.49,-1.0,-1.0,-1.0,55.49,55.49,55.52,55.51,-1.0,55.49,55.519,-1.0,-1.0,55.53,-1.0,55.51,55.501,55.497,-1.0,55.532,55.551,55.547,55.491
2019-05-22,-1.0,55.045,-1.0,-1.0,-1.0,55.142,-1.0,-1.0,-1.0,-1.0,-1.0,-1.0,-1.0,54.79,-1.0,54.87,54.765,-1.0,-1.0,-1.0,-1.0,-1.0,-1.0,-1.0,-1.0,54.675,54.665,-1.0,54.572,-1.0,-1.0,54.54,-1.0,-1.0,-1.0,-1.0,-1.0,-1.0,-1.0,-1.0,-1.0,-1.0,-1.0,-1.0,-1.0,-1.0,-1.0,54.462,54.35,-1.0,-1.0,-1.0,-1.0,54.413,-1.0,-1.0,-1.0,54.35,54.365,54.41,54.309,-1.0,-1.0,54.25,-1.0,54.16,-1.0,-1.0,-1.0,54.06,-1.0,-1.0,54.07,54.115,-1.0,54.045,-1.0,-1.0,-1.0,-1.0,-1.0,-1.0,54.06,-1.0,-1.0,54.023,54.07,-1.0,54.075,54.084,-1.0,54.002,-1.0,53.99,53.96,-1.0,54.0,54.032,54.08,-1.0,54.098,-1.0,54.11,-1.0,-1.0,-1.0,-1.0,-1.0,-1.0,-1.0,-1.0,54.31,54.31,-1.0,-1.0,-1.0,-1.0,-1.0,-1.0,-1.0,-1.0,-1.0,-1.0,-1.0,54.025,-1.0,-1.0,-1.0,-1.0,-1.0,54.02,-1.0,-1.0,53.98,-1.0,-1.0,-1.0,-1.0,-1.0,-1.0,53.965,-1.0,-1.0,-1.0,-1.0,-1.0,53.96,53.98,-1.0,-1.0,-1.0,-1.0,-1.0,53.96,53.97,-1.0,53.87,-1.0,-1.0,-1.0,-1.0,-1.0,-1.0,-1.0,53.735,-1.0,53.765,-1.0,53.815,-1.0,-1.0,-1.0,-1.0,-1.0,-1.0,-1.0,-1.0,-1.0,53.75,-1.0,53.75,-1.0,53.68,-1.0,-1.0,-1.0,53.7,-1.0,-1.0,-1.0,-1.0,-1.0,53.64,-1.0,-1.0,53.67,-1.0,-1.0,-1.0,53.667,-1.0,-1.0,-1.0,-1.0,-1.0,-1.0,-1.0,-1.0,-1.0,-1.0,53.5,-1.0,-1.0,-1.0,-1.0,53.56,-1.0,-1.0,-1.0,-1.0,-1.0,53.498,-1.0,53.49,-1.0,53.505,-1.0,-1.0,53.53,-1.0,-1.0,-1.0,-1.0,-1.0,-1.0,53.53,53.54,-1.0,-1.0,-1.0,-1.0,-1.0,-1.0,-1.0,-1.0,-1.0,-1.0,-1.0,-1.0,53.505,53.502,-1.0,53.5,53.56,53.559,53.544,-1.0,-1.0,53.545,53.564,53.56,53.569,-1.0,-1.0,-1.0,-1.0,-1.0,-1.0,53.53,53.55,53.54,-1.0,-1.0,53.52,53.475,-1.0,53.515,-1.0,53.565,-1.0,-1.0,-1.0,53.583,-1.0,53.645,53.64,53.645,53.63,-1.0,53.673,-1.0,53.685,-1.0,53.71,53.72,53.74,53.725,53.72,53.739,53.695,-1.0,-1.0,-1.0,53.77,-1.0,53.83,-1.0,53.83,-1.0,-1.0,53.88,-1.0,-1.0,-1.0,-1.0,53.9,-1.0,-1.0,-1.0,53.92,-1.0,53.89,-1.0,-1.0,-1.0,53.87,-1.0,-1.0,-1.0,53.926,53.955,53.96,53.98,-1.0,-1.0,54.01,-1.0,-1.0,-1.0,-1.0,54.01,54.04,-1.0,-1.0,54.025,54.015,54.0,53.99,54.005,54.05,-1.0,54.07,54.07,54.07,54.083,54.097,54.112,-1.0,54.1,54.025,54.01,53.995,54.0,54.02,-1.0,-1.0,-1.0,53.98,54.003,53.985,-1.0,54.01,54.035,54.04,54.045,54.045,54.089,54.1,54.095,54.095,54.11,54.115,54.135,54.195,-1.0,-1.0,54.165,54.165,-1.0,54.089
2019-05-23,52.59,-1.0,52.4,52.47,52.433,52.256,51.87,51.94,-1.0,-1.0,51.45,-1.0,51.25,-1.0,-1.0,51.3,51.57,-1.0,51.703,-1.0,51.532,51.51,-1.0,51.475,51.451,51.527,-1.0,51.614,51.67,51.758,51.725,-1.0,51.65,-1.0,-1.0,51.585,51.62,-1.0,51.495,51.507,-1.0,51.46,-1.0,51.385,-1.0,51.38,51.34,51.3,-1.0,-1.0,51.28,51.2,-1.0,-1.0,51.07,-1.0,-1.0,51.09,-1.0,-1.0,-1.0,-1.0,51.405,-1.0,-1.0,51.62,51.63,-1.0,51.635,-1.0,-1.0,51.55,51.63,-1.0,-1.0,-1.0,51.62,-1.0,-1.0,51.645,51.708,-1.0,-1.0,51.725,-1.0,51.793,51.755,51.725,-1.0,51.68,-1.0,51.63,51.565,-1.0,51.54,51.54,51.49,-1.0,-1.0,-1.0,51.54,51.561,-1.0,-1.0,-1.0,-1.0,51.47,51.44,-1.0,51.46,51.43,-1.0,51.411,-1.0,-1.0,51.63,-1.0,51.57,-1.0,-1.0,-1.0,-1.0,-1.0,51.44,51.39,51.31,-1.0,-1.0,-1.0,51.41,51.403,51.393,51.365,-1.0,-1.0,-1.0,-1.0,-1.0,-1.0,-1.0,-1.0,-1.0,-1.0,-1.0,-1.0,-1.0,-1.0,51.19,-1.0,-1.0,-1.0,51.275,51.311,-1.0,51.276,51.25,-1.0,-1.0,51.37,51.352,-1.0,51.383,-1.0,-1.0,-1.0,-1.0,51.287,-1.0,-1.0,-1.0,-1.0,51.21,-1.0,-1.0,51.202,51.233,-1.0,-1.0,51.193,-1.0,-1.0,-1.0,51.312,51.3,51.344,51.328,-1.0,-1.0,-1.0,-1.0,51.28,51.315,-1.0,-1.0,-1.0,-1.0,51.29,-1.0,51.305,-1.0,51.295,-1.0,51.21,51.172,-1.0,-1.0,51.124,51.127,51.105,-1.0,-1.0,51.13,51.165,-1.0,51.107,-1.0,-1.0,-1.0,-1.0,51.13,-1.0,51.123,-1.0,-1.0,-1.0,-1.0,51.165,-1.0,51.165,51.184,-1.0,51.21,51.14,-1.0,-1.0,-1.0,-1.0,-1.0,51.21,-1.0,-1.0,51.26,51.215,51.18,51.197,-1.0,-1.0,51.25,-1.0,-1.0,-1.0,-1.0,-1.0,-1.0,-1.0,51.38,-1.0,-1.0,51.444,-1.0,-1.0,-1.0,-1.0,51.44,51.41,51.36,-1.0,-1.0,-1.0,-1.0,51.35,-1.0,51.37,-1.0,-1.0,51.41,-1.0,51.36,-1.0,-1.0,-1.0,-1.0,-1.0,-1.0,-1.0,-1.0,51.25,-1.0,-1.0,-1.0,-1.0,-1.0,51.33,-1.0,-1.0,51.35,51.32,-1.0,51.29,-1.0,-1.0,51.254,51.22,51.225,51.228,-1.0,51.195,-1.0,-1.0,-1.0,51.13,51.063,-1.0,51.07,51.055,-1.0,51.05,-1.0,51.025,50.985,51.0,-1.0,-1.0,51.001,-1.0,-1.0,51.025,-1.0,-1.0,-1.0,51.069,51.09,-1.0,51.02,51.03,-1.0,-1.0,51.07,51.02,-1.0,-1.0,-1.0,-1.0,-1.0,51.055,51.05,51.055,51.14,-1.0,-1.0,-1.0,51.334,-1.0,-1.0,-1.0,51.29,-1.0,51.364,51.39,51.38,-1.0,-1.0,51.469,51.485,51.478,51.473,51.471,51.47,51.465,51.46,51.368,51.315,51.307,51.26,51.245,51.33,-1.0,51.263,51.273,51.316,51.251,-1.0,51.21,51.21,51.148,51.115,51.064,51.107,51.145,51.178
2019-05-24,-1.0,-1.0,-1.0,-1.0,51.505,51.525,-1.0,-1.0,51.432,-1.0,-1.0,-1.0,-1.0,-1.0,-1.0,50.99,50.932,-1.0,-1.0,-1.0,-1.0,50.83,-1.0,-1.0,-1.0,50.885,50.94,-1.0,-1.0,50.95,50.89,-1.0,51.0,51.14,51.15,-1.0,-1.0,51.22,-1.0,-1.0,51.17,-1.0,51.14,-1.0,-1.0,-1.0,-1.0,-1.0,51.08,-1.0,-1.0,51.05,-1.0,51.045,-1.0,-1.0,50.95,50.965,-1.0,-1.0,50.903,-1.0,-1.0,-1.0,-1.0,-1.0,-1.0,-1.0,50.75,-1.0,-1.0,50.79,-1.0,50.815,50.765,-1.0,50.75,50.7,50.74,-1.0,50.7,-1.0,50.67,50.715,50.65,50.67,50.645,-1.0,50.675,-1.0,50.81,-1.0,-1.0,-1.0,-1.0,51.013,51.095,51.095,51.03,-1.0,-1.0,-1.0,50.75,50.785,50.762,-1.0,-1.0,-1.0,50.65,-1.0,-1.0,-1.0,-1.0,50.73,-1.0,-1.0,-1.0,-1.0,-1.0,-1.0,50.845,-1.0,-1.0,-1.0,-1.0,50.72,-1.0,-1.0,-1.0,50.748,-1.0,-1.0,-1.0,-1.0,-1.0,-1.0,-1.0,-1.0,50.66,-1.0,-1.0,50.65,-1.0,-1.0,-1.0,-1.0,50.575,-1.0,-1.0,-1.0,-1.0,-1.0,-1.0,-1.0,-1.0,-1.0,-1.0,50.66,-1.0,50.65,50.69,-1.0,-1.0,-1.0,50.68,-1.0,-1.0,-1.0,50.6,-1.0,50.709,-1.0,-1.0,50.73,-1.0,-1.0,50.69,-1.0,-1.0,-1.0,-1.0,-1.0,50.82,50.774,50.76,-1.0,-1.0,-1.0,50.78,-1.0,-1.0,-1.0,-1.0,50.7,50.66,-1.0,50.642,-1.0,-1.0,-1.0,-1.0,-1.0,50.67,-1.0,50.63,50.625,-1.0,-1.0,-1.0,-1.0,-1.0,-1.0,50.78,-1.0,-1.0,50.785,-1.0,-1.0,-1.0,-1.0,50.775,-1.0,50.855,-1.0,50.84,50.905,-1.0,50.895,-1.0,50.815,-1.0,50.82,50.84,50.83,50.8,-1.0,-1.0,50.75,50.74,-1.0,-1.0,-1.0,50.725,-1.0,-1.0,-1.0,-1.0,-1.0,-1.0,50.648,50.64,-1.0,-1.0,-1.0,-1.0,-1.0,-1.0,-1.0,-1.0,50.685,-1.0,-1.0,-1.0,50.79,50.78,-1.0,-1.0,50.66,-1.0,-1.0,50.655,50.645,50.635,50.62,-1.0,-1.0,-1.0,50.57,50.563,50.575,-1.0,50.55,-1.0,50.506,50.53,50.53,-1.0,-1.0,50.55,-1.0,50.661,50.69,50.66,-1.0,-1.0,-1.0,-1.0,-1.0,-1.0,50.651,-1.0,50.657,-1.0,-1.0,50.625,50.605,-1.0,-1.0,50.682,-1.0,-1.0,-1.0,-1.0,-1.0,-1.0,50.66,-1.0,50.64,-1.0,50.61,50.61,-1.0,50.635,50.65,-1.0,-1.0,-1.0,50.657,-1.0,-1.0,50.725,50.7,-1.0,-1.0,-1.0,-1.0,-1.0,-1.0,-1.0,-1.0,-1.0,-1.0,-1.0,50.7,50.69,50.67,50.62,50.57,-1.0,50.44,50.43,50.46,-1.0,-1.0,-1.0,-1.0,-1.0,-1.0,-1.0,-1.0,-1.0,-1.0,50.56,50.53,-1.0,-1.0,50.56,-1.0,-1.0,50.51,50.51,-1.0,50.49,50.5,50.505,50.489,-1.0,50.48,50.478,50.467,50.465,50.47,50.478,-1.0,-1.0,50.515,50.51,50.436,50.435,50.445
2019-05-28,-1.0,-1.0,-1.0,-1.0,-1.0,-1.0,-1.0,-1.0,-1.0,-1.0,-1.0,-1.0,-1.0,-1.0,-1.0,-1.0,50.08,-1.0,-1.0,-1.0,49.835,-1.0,49.79,-1.0,-1.0,-1.0,-1.0,-1.0,-1.0,-1.0,49.64,-1.0,-1.0,-1.0,-1.0,49.59,49.63,-1.0,-1.0,-1.0,49.63,-1.0,49.68,-1.0,49.74,49.775,-1.0,-1.0,49.745,-1.0,49.79,-1.0,-1.0,49.805,-1.0,49.84,49.89,49.91,49.867,-1.0,-1.0,49.828,49.82,49.835,-1.0,-1.0,-1.0,-1.0,49.645,-1.0,49.52,49.58,49.62,-1.0,49.585,49.58,-1.0,-1.0,49.667,-1.0,49.63,-1.0,49.5,49.54,49.55,49.535,49.565,49.54,49.6,-1.0,-1.0,49.64,-1.0,49.785,-1.0,-1.0,-1.0,-1.0,49.826,49.785,49.805,49.84,-1.0,49.845,50.01,49.97,50.06,-1.0,50.067,50.045,-1.0,50.04,50.07,-1.0,-1.0,-1.0,-1.0,49.945,49.99,49.98,-1.0,50.066,-1.0,50.015,50.07,50.04,50.085,-1.0,-1.0,50.085,50.18,50.19,50.24,-1.0,-1.0,-1.0,-1.0,-1.0,50.295,-1.0,-1.0,50.2,-1.0,50.07,50.01,-1.0,-1.0,-1.0,-1.0,50.03,50.05,-1.0,-1.0,-1.0,50.095,50.065,-1.0,-1.0,50.06,-1.0,50.01,50.02,50.045,50.082,50.093,-1.0,-1.0,-1.0,50.04,50.072,50.055,50.088,50.105,50.12,50.095,50.077,-1.0,-1.0,49.985,49.95,-1.0,49.92,-1.0,-1.0,49.91,-1.0,49.78,49.785,49.78,49.72,-1.0,-1.0,-1.0,-1.0,-1.0,49.655,-1.0,-1.0,-1.0,49.6,-1.0,49.66,49.66,-1.0,49.64,-1.0,-1.0,49.64,49.64,-1.0,-1.0,49.66,-1.0,-1.0,49.74,-1.0,49.795,-1.0,-1.0,49.8,49.77,49.8,-1.0,-1.0,49.81,49.8,-1.0,-1.0,49.855,-1.0,49.865,-1.0,-1.0,-1.0,49.88,-1.0,-1.0,49.87,49.85,49.87,-1.0,-1.0,49.9,49.97,-1.0,49.94,50.02,-1.0,49.995,-1.0,-1.0,-1.0,50.025,50.025,50.053,50.1,-1.0,50.105,-1.0,-1.0,50.16,-1.0,-1.0,50.09,-1.0,50.105,50.075,-1.0,-1.0,50.1,50.05,-1.0,50.01,49.995,49.99,50.04,-1.0,50.035,50.04,50.028,50.044,-1.0,50.035,-1.0,50.062,50.03,-1.0,50.032,-1.0,49.97,-1.0,-1.0,-1.0,-1.0,49.959,49.98,-1.0,49.965,-1.0,49.97,-1.0,49.97,49.945,49.971,50.02,50.035,-1.0,50.0,-1.0,49.985,49.92,49.915,-1.0,-1.0,49.774,49.81,49.87,49.88,49.87,-1.0,-1.0,49.845,49.84,49.814,49.83,49.795,49.77,49.747,49.741,49.775,-1.0,49.705,49.705,49.677,49.665,49.638,49.737,49.73,-1.0,49.64,49.607,-1.0,-1.0,49.528,-1.0,49.614,49.62,49.615,49.548,49.545,-1.0,49.538,49.505,49.505,49.515,49.523,49.535,49.534,49.517,49.515,49.508,49.495,49.42,49.414,49.407,49.417,49.384,49.335,49.255,49.261,49.223,49.245,49.203,49.185,49.179,49.182,49.171,49.198,49.195,49.175,49.148,49.155,49.205,49.195,49.201,49.209,49.192,49.159,49.211,49.23
2019-05-29,48.835,49.083,49.13,48.952,48.962,48.987,49.065,49.3,49.16,-1.0,49.198,-1.0,49.205,-1.0,49.12,-1.0,-1.0,49.016,49.125,-1.0,49.308,49.35,-1.0,49.31,49.355,49.37,49.25,49.51,49.48,49.52,-1.0,49.44,49.415,49.407,49.405,49.463,49.63,49.75,-1.0,49.61,49.61,-1.0,49.606,49.63,49.69,49.795,49.953,-1.0,49.948,-1.0,50.09,50.1,-1.0,50.1,50.24,50.349,50.56,50.53,-1.0,50.514,50.696,50.84,50.81,-1.0,-1.0,50.79,-1.0,-1.0,-1.0,-1.0,50.865,50.61,50.604,-1.0,-1.0,-1.0,-1.0,50.542,-1.0,50.42,50.485,-1.0,-1.0,-1.0,-1.0,50.627,-1.0,50.6,-1.0,-1.0,-1.0,50.75,50.77,-1.0,-1.0,50.87,-1.0,-1.0,50.97,50.83,50.85,50.85,50.855,-1.0,50.847,50.865,50.853,-1.0,-1.0,-1.0,50.51,50.5,50.48,-1.0,50.42,50.391,-1.0,-1.0,50.391,50.41,-1.0,-1.0,-1.0,50.47,50.45,50.51,50.545,-1.0,50.507,50.47,50.467,-1.0,-1.0,50.47,-1.0,-1.0,50.587,-1.0,-1.0,-1.0,-1.0,-1.0,50.31,-1.0,50.324,50.325,50.293,-1.0,50.145,50.14,-1.0,-1.0,50.22,-1.0,-1.0,-1.0,-1.0,-1.0,50.31,50.37,50.373,-1.0,50.33,50.295,-1.0,-1.0,-1.0,-1.0,-1.0,-1.0,-1.0,-1.0,50.44,-1.0,-1.0,50.297,50.295,50.29,50.21,-1.0,-1.0,-1.0,50.251,50.305,-1.0,50.258,-1.0,-1.0,50.295,-1.0,50.289,50.252,-1.0,-1.0,-1.0,-1.0,50.32,-1.0,50.295,-1.0,50.305,-1.0,-1.0,-1.0,50.23,-1.0,-1.0,50.23,-1.0,50.235,50.31,-1.0,50.319,50.291,50.293,50.36,-1.0,-1.0,-1.0,-1.0,50.59,50.63,50.63,-1.0,-1.0,50.337,50.373,-1.0,-1.0,50.295,50.41,50.39,-1.0,-1.0,-1.0,-1.0,-1.0,-1.0,-1.0,-1.0,-1.0,-1.0,-1.0,50.68,50.7,50.765,-1.0,-1.0,-1.0,-1.0,50.791,-1.0,-1.0,50.77,-1.0,50.77,-1.0,50.77,-1.0,-1.0,-1.0,-1.0,-1.0,-1.0,50.83,-1.0,-1.0,-1.0,-1.0,50.903,50.9,-1.0,50.86,50.894,-1.0,-1.0,50.96,51.005,50.93,-1.0,-1.0,50.96,-1.0,50.888,-1.0,-1.0,-1.0,50.89,-1.0,50.98,50.95,51.017,50.995,50.973,-1.0,51.06,-1.0,51.1,-1.0,-1.0,51.05,-1.0,50.97,51.0,-1.0,-1.0,51.03,50.993,-1.0,-1.0,51.042,51.04,51.05,-1.0,-1.0,51.039,50.948,50.909,50.867,50.765,50.725,-1.0,50.672,50.66,-1.0,50.735,-1.0,-1.0,50.864,-1.0,-1.0,-1.0,-1.0,-1.0,-1.0,-1.0,50.76,-1.0,-1.0,-1.0,50.75,-1.0,-1.0,-1.0,-1.0,-1.0,-1.0,-1.0,50.89,50.89,50.86,50.95,-1.0,-1.0,50.94,50.934,50.92,-1.0,50.881,50.855,50.85,50.865,-1.0,-1.0,-1.0,-1.0,51.05,51.05,51.05,51.07,-1.0,-1.0,51.056,-1.0,51.101,51.09,51.054,-1.0,-1.0,-1.0,-1.0,51.05,51.075,51.069,-1.0,51.053,51.069,51.115,51.161,51.058
2019-05-30,-1.0,-1.0,-1.0,-1.0,51.17,-1.0,-1.0,51.252,51.188,51.023,50.96,50.909,50.932,51.074,-1.0,51.108,51.18,51.255,51.37,51.475,51.567,51.7,51.67,-1.0,51.64,-1.0,-1.0,-1.0,-1.0,-1.0,51.47,-1.0,51.66,-1.0,-1.0,-1.0,51.595,51.58,-1.0,51.61,51.58,-1.0,51.62,-1.0,-1.0,51.6,-1.0,-1.0,-1.0,-1.0,-1.0,-1.0,51.31,-1.0,-1.0,51.11,-1.0,51.17,51.205,51.213,51.23,51.185,-1.0,-1.0,-1.0,51.202,-1.0,-1.0,-1.0,-1.0,-1.0,-1.0,-1.0,-1.0,-1.0,-1.0,-1.0,50.87,-1.0,-1.0,-1.0,-1.0,-1.0,50.646,-1.0,50.67,-1.0,-1.0,-1.0,50.665,50.575,-1.0,50.42,-1.0,50.49,50.51,50.408,-1.0,50.35,-1.0,-1.0,-1.0,-1.0,50.372,50.52,50.515,-1.0,-1.0,50.15,-1.0,-1.0,50.155,50.072,49.975,49.9,49.96,49.995,50.03,50.008,49.995,50.025,-1.0,-1.0,49.955,49.965,50.135,-1.0,50.09,-1.0,50.06,50.068,-1.0,-1.0,50.04,-1.0,-1.0,49.975,50.015,50.078,50.14,-1.0,-1.0,49.96,50.038,50.07,-1.0,50.145,50.2,-1.0,50.19,-1.0,50.28,50.275,50.275,-1.0,50.228,-1.0,-1.0,50.19,50.14,-1.0,-1.0,-1.0,-1.0,-1.0,50.23,50.29,50.46,50.49,-1.0,-1.0,-1.0,50.45,-1.0,-1.0,-1.0,-1.0,-1.0,-1.0,50.43,-1.0,50.39,-1.0,50.385,50.388,50.4,-1.0,-1.0,-1.0,50.365,-1.0,-1.0,-1.0,50.445,50.472,-1.0,-1.0,-1.0,50.457,50.41,50.53,-1.0,-1.0,-1.0,-1.0,-1.0,-1.0,50.51,50.443,-1.0,-1.0,50.41,50.52,50.46,-1.0,-1.0,-1.0,-1.0,-1.0,-1.0,50.302,50.34,50.355,-1.0,50.325,-1.0,50.305,50.351,50.315,-1.0,50.37,50.38,-1.0,-1.0,-1.0,-1.0,-1.0,50.33,-1.0,50.26,-1.0,-1.0,-1.0,-1.0,50.175,50.19,50.146,-1.0,-1.0,-1.0,50.125,-1.0,50.135,50.16,-1.0,-1.0,50.13,-1.0,50.12,-1.0,-1.0,-1.0,50.175,-1.0,-1.0,50.195,-1.0,50.165,50.165,50.135,50.135,50.225,-1.0,50.315,-1.0,-1.0,-1.0,-1.0,-1.0,50.18,-1.0,-1.0,-1.0,50.118,-1.0,50.1,-1.0,50.04,50.058,-1.0,50.07,50.065,-1.0,50.045,-1.0,-1.0,49.96,49.98,-1.0,-1.0,50.005,49.98,-1.0,49.98,50.03,-1.0,-1.0,50.01,-1.0,-1.0,49.99,50.02,50.02,49.977,49.93,49.94,-1.0,-1.0,-1.0,50.013,50.02,50.015,-1.0,50.047,50.06,50.11,50.135,50.13,-1.0,-1.0,-1.0,-1.0,50.155,-1.0,-1.0,50.2,50.237,-1.0,50.125,-1.0,-1.0,50.205,-1.0,50.24,-1.0,-1.0,-1.0,-1.0,-1.0,50.22,-1.0,-1.0,50.17,50.16,50.16,-1.0,-1.0,50.14,-1.0,50.185,-1.0,-1.0,-1.0,-1.0,50.14,-1.0,-1.0,-1.0,-1.0,-1.0,-1.0,-1.0,-1.0,-1.0,-1.0,50.22,50.265,50.25,-1.0,50.24,-1.0,-1.0,50.22,-1.0,50.145,-1.0,-1.0,-1.0,50.135,50.182
2019-05-31,-1.0,-1.0,48.955,-1.0,-1.0,49.157,-1.0,-1.0,-1.0,-1.0,-1.0,49.005,-1.0,49.25,-1.0,-1.0,-1.0,-1.0,-1.0,-1.0,-1.0,-1.0,-1.0,49.46,-1.0,-1.0,49.61,-1.0,-1.0,-1.0,-1.0,-1.0,-1.0,49.505,-1.0,-1.0,-1.0,-1.0,-1.0,49.365,49.306,-1.0,49.345,-1.0,-1.0,-1.0,-1.0,49.3,-1.0,-1.0,-1.0,-1.0,-1.0,-1.0,-1.0,-1.0,-1.0,-1.0,-1.0,-1.0,-1.0,-1.0,-1.0,49.755,-1.0,-1.0,49.74,49.74,-1.0,-1.0,-1.0,-1.0,49.63,-1.0,-1.0,-1.0,-1.0,-1.0,-1.0,-1.0,-1.0,-1.0,-1.0,-1.0,49.73,-1.0,-1.0,-1.0,-1.0,-1.0,49.53,-1.0,-1.0,49.635,-1.0,-1.0,-1.0,-1.0,-1.0,-1.0,-1.0,-1.0,-1.0,-1.0,-1.0,49.52,-1.0,-1.0,-1.0,-1.0,-1.0,-1.0,-1.0,-1.0,-1.0,49.76,49.73,-1.0,49.73,-1.0,-1.0,49.75,-1.0,-1.0,49.74,-1.0,-1.0,49.68,-1.0,-1.0,-1.0,-1.0,-1.0,-1.0,-1.0,-1.0,49.56,-1.0,-1.0,-1.0,-1.0,-1.0,-1.0,-1.0,-1.0,49.52,-1.0,-1.0,-1.0,-1.0,-1.0,-1.0,-1.0,-1.0,-1.0,-1.0,-1.0,-1.0,49.575,-1.0,49.58,-1.0,-1.0,-1.0,49.55,-1.0,-1.0,-1.0,-1.0,-1.0,-1.0,-1.0,49.545,49.53,49.523,-1.0,-1.0,49.53,-1.0,-1.0,49.46,-1.0,-1.0,-1.0,-1.0,49.48,-1.0,-1.0,-1.0,-1.0,-1.0,-1.0,-1.0,-1.0,-1.0,-1.0,-1.0,-1.0,-1.0,49.421,-1.0,-1.0,49.39,-1.0,-1.0,49.445,-1.0,-1.0,49.46,-1.0,-1.0,-1.0,49.485,-1.0,49.465,-1.0,49.425,-1.0,-1.0,49.45,-1.0,-1.0,-1.0,-1.0,-1.0,-1.0,-1.0,-1.0,49.44,49.44,-1.0,49.38,-1.0,-1.0,-1.0,49.335,49.335,-1.0,-1.0,-1.0,-1.0,-1.0,49.44,-1.0,-1.0,-1.0,-1.0,-1.0,49.379,-1.0,49.377,49.35,-1.0,49.245,49.2,-1.0,-1.0,-1.0,49.21,-1.0,-1.0,49.19,-1.0,-1.0,-1.0,-1.0,-1.0,-1.0,-1.0,-1.0,-1.0,-1.0,-1.0,-1.0,-1.0,49.155,-1.0,-1.0,49.15,-1.0,-1.0,49.15,-1.0,-1.0,49.07,-1.0,-1.0,-1.0,-1.0,-1.0,48.995,-1.0,-1.0,49.02,49.02,-1.0,48.891,-1.0,48.88,-1.0,-1.0,-1.0,-1.0,-1.0,48.885,-1.0,-1.0,-1.0,48.89,-1.0,-1.0,49.06,-1.0,-1.0,49.205,-1.0,49.21,49.255,-1.0,-1.0,49.17,49.15,-1.0,49.22,49.231,-1.0,-1.0,49.19,-1.0,-1.0,-1.0,-1.0,49.13,-1.0,-1.0,-1.0,-1.0,-1.0,-1.0,-1.0,-1.0,-1.0,-1.0,49.0,49.0,49.008,-1.0,-1.0,-1.0,-1.0,-1.0,-1.0,-1.0,48.95,-1.0,-1.0,-1.0,-1.0,-1.0,-1.0,-1.0,49.044,49.016,-1.0,49.039,49.03,-1.0,49.01,-1.0,-1.0,-1.0,-1.0,-1.0,48.968,48.93,-1.0,48.945,48.89,48.9,-1.0,48.91,-1.0,-1.0,-1.0,48.87,48.855,-1.0,48.882,48.895,48.913
